"rt","key_press","trial_type","trial_index","time_elapsed","internal_node_id","uni_code","responses","stimulus","reverse","item1","item2","correct","round"
"1461","32","text","0","1463","0.0-0.0","sr3300","","","","","","",""
"5872","","survey-text","1","8345","0.0-1.0","sr3300","{""Q0"":""sr3300""}","","","","","",""
"20549","81","text","2","29900","0.0-2.0","sr3300","","","","","","",""
"1265","81","binary-choice","3","33171","0.0-3.0-0.0","sr3300","","[""img/6_food.jpg"",""img/6_food.jpg"",""img/12_food.jpg""]","true","12","6","true","1"
"3141","81","binary-choice","4","37167","0.0-3.0-1.0","sr3300","","[""img/26_food.jpg"",""img/26_food.jpg"",""img/27_food.jpg""]","false","26","27","true","2"
"6721","80","binary-choice","5","44850","0.0-3.0-2.0","sr3300","","[""img/10_food.jpg"",""img/10_food.jpg"",""img/25_food.jpg""]","true","25","10","true","3"
"1029","80","binary-choice","6","46418","0.0-3.0-3.0","sr3300","","[""img/7_food.jpg"",""img/7_food.jpg"",""img/28_food.jpg""]","false","7","28","true","4"
"995","81","binary-choice","7","47719","0.0-3.0-4.0","sr3300","","[""img/13_food.jpg"",""img/13_food.jpg"",""img/19_food.jpg""]","false","13","19","true","5"
"1137","81","binary-choice","8","49219","0.0-3.0-5.0","sr3300","","[""img/12_food.jpg"",""img/12_food.jpg"",""img/19_food.jpg""]","false","12","19","true","6"
"1236","81","binary-choice","9","51122","0.0-3.0-6.0","sr3300","","[""img/1_food.jpg"",""img/1_food.jpg"",""img/12_food.jpg""]","false","1","12","true","7"
"1319","80","binary-choice","10","53234","0.0-3.0-7.0","sr3300","","[""img/12_food.jpg"",""img/12_food.jpg"",""img/25_food.jpg""]","true","25","12","true","8"
"1210","80","binary-choice","11","55273","0.0-3.0-8.0","sr3300","","[""img/13_food.jpg"",""img/13_food.jpg"",""img/14_food.jpg""]","true","14","13","true","9"
"1413","81","binary-choice","12","57129","0.0-3.0-9.0","sr3300","","[""img/4_food.jpg"",""img/4_food.jpg"",""img/22_food.jpg""]","false","4","22","true","10"
"1656","81","binary-choice","13","59565","0.0-3.0-10.0","sr3300","","[""img/9_food.jpg"",""img/9_food.jpg"",""img/13_food.jpg""]","false","9","13","true","11"
"1093","80","binary-choice","14","61642","0.0-3.0-11.0","sr3300","","[""img/13_food.jpg"",""img/13_food.jpg"",""img/26_food.jpg""]","false","13","26","true","12"
"2372","81","binary-choice","15","64425","0.0-3.0-12.0","sr3300","","[""img/1_food.jpg"",""img/1_food.jpg"",""img/4_food.jpg""]","false","1","4","true","13"
"1066","80","binary-choice","16","66466","0.0-3.0-13.0","sr3300","","[""img/2_food.jpg"",""img/2_food.jpg"",""img/26_food.jpg""]","false","2","26","true","14"
"1025","81","binary-choice","17","67818","0.0-3.0-14.0","sr3300","","[""img/8_food.jpg"",""img/8_food.jpg"",""img/11_food.jpg""]","true","11","8","true","15"
"1682","81","binary-choice","18","70413","0.0-3.0-15.0","sr3300","","[""img/15_food.jpg"",""img/15_food.jpg"",""img/25_food.jpg""]","false","15","25","true","16"
"1201","80","binary-choice","19","72169","0.0-3.0-16.0","sr3300","","[""img/20_food.jpg"",""img/20_food.jpg"",""img/29_food.jpg""]","true","29","20","true","17"
"959","80","binary-choice","20","73953","0.0-3.0-17.0","sr3300","","[""img/3_food.jpg"",""img/3_food.jpg"",""img/9_food.jpg""]","false","3","9","true","18"
"1350","80","binary-choice","21","75961","0.0-3.0-18.0","sr3300","","[""img/4_food.jpg"",""img/4_food.jpg"",""img/12_food.jpg""]","true","12","4","true","19"
"1411","80","binary-choice","22","78321","0.0-3.0-19.0","sr3300","","[""img/17_food.jpg"",""img/17_food.jpg"",""img/26_food.jpg""]","false","17","26","true","20"
"1033","81","binary-choice","23","80265","0.0-3.0-20.0","sr3300","","[""img/8_food.jpg"",""img/8_food.jpg"",""img/24_food.jpg""]","false","8","24","true","21"
"927","81","binary-choice","24","81966","0.0-3.0-21.0","sr3300","","[""img/9_food.jpg"",""img/9_food.jpg"",""img/23_food.jpg""]","false","9","23","true","22"
"808","81","binary-choice","25","83601","0.0-3.0-22.0","sr3300","","[""img/18_food.jpg"",""img/18_food.jpg"",""img/21_food.jpg""]","false","18","21","true","23"
"1688","81","binary-choice","26","85705","0.0-3.0-23.0","sr3300","","[""img/15_food.jpg"",""img/15_food.jpg"",""img/29_food.jpg""]","true","29","15","true","24"
"991","80","binary-choice","27","87649","0.0-3.0-24.0","sr3300","","[""img/8_food.jpg"",""img/8_food.jpg"",""img/27_food.jpg""]","false","8","27","true","25"
"1131","81","binary-choice","28","89593","0.0-3.0-25.0","sr3300","","[""img/5_food.jpg"",""img/5_food.jpg"",""img/27_food.jpg""]","true","27","5","true","26"
"1124","81","binary-choice","29","91578","0.0-3.0-26.0","sr3300","","[""img/15_food.jpg"",""img/15_food.jpg"",""img/19_food.jpg""]","false","15","19","true","27"
"1257","81","binary-choice","30","93423","0.0-3.0-27.0","sr3300","","[""img/19_food.jpg"",""img/19_food.jpg"",""img/30_food.jpg""]","true","30","19","true","28"
"1212","81","binary-choice","31","95073","0.0-3.0-28.0","sr3300","","[""img/7_food.jpg"",""img/7_food.jpg"",""img/15_food.jpg""]","true","15","7","true","29"
"2007","81","binary-choice","32","97747","0.0-3.0-29.0","sr3300","","[""img/2_food.jpg"",""img/2_food.jpg"",""img/3_food.jpg""]","false","2","3","true","30"
"839","80","binary-choice","33","99337","0.0-3.0-30.0","sr3300","","[""img/6_food.jpg"",""img/6_food.jpg"",""img/9_food.jpg""]","false","6","9","true","31"
"1562","81","binary-choice","34","101721","0.0-3.0-31.0","sr3300","","[""img/10_food.jpg"",""img/10_food.jpg"",""img/23_food.jpg""]","false","10","23","true","32"
"985","81","binary-choice","35","103615","0.0-3.0-32.0","sr3300","","[""img/14_food.jpg"",""img/14_food.jpg"",""img/20_food.jpg""]","true","20","14","true","33"
"1433","81","binary-choice","36","105681","0.0-3.0-33.0","sr3300","","[""img/6_food.jpg"",""img/6_food.jpg"",""img/24_food.jpg""]","false","6","24","true","34"
"1746","81","binary-choice","37","108393","0.0-3.0-34.0","sr3300","","[""img/1_food.jpg"",""img/1_food.jpg"",""img/10_food.jpg""]","false","1","10","true","35"
"2150","80","binary-choice","38","111394","0.0-3.0-35.0","sr3300","","[""img/7_food.jpg"",""img/7_food.jpg"",""img/29_food.jpg""]","false","7","29","true","36"
"1703","81","binary-choice","39","113548","0.0-3.0-36.0","sr3300","","[""img/4_food.jpg"",""img/4_food.jpg"",""img/13_food.jpg""]","false","4","13","true","37"
"1120","81","binary-choice","40","115404","0.0-3.0-37.0","sr3300","","[""img/14_food.jpg"",""img/14_food.jpg"",""img/16_food.jpg""]","false","14","16","true","38"
"911","80","binary-choice","41","116944","0.0-3.0-38.0","sr3300","","[""img/14_food.jpg"",""img/14_food.jpg"",""img/27_food.jpg""]","false","14","27","true","39"
"1317","80","binary-choice","42","118817","0.0-3.0-39.0","sr3300","","[""img/5_food.jpg"",""img/5_food.jpg"",""img/15_food.jpg""]","true","15","5","true","40"
"2355","80","binary-choice","43","121716","0.0-3.0-40.0","sr3300","","[""img/4_food.jpg"",""img/4_food.jpg"",""img/20_food.jpg""]","false","4","20","true","41"
"927","80","binary-choice","44","123098","0.0-3.0-41.0","sr3300","","[""img/5_food.jpg"",""img/5_food.jpg"",""img/24_food.jpg""]","true","24","5","true","42"
"1161","80","binary-choice","45","124841","0.0-3.0-42.0","sr3300","","[""img/5_food.jpg"",""img/5_food.jpg"",""img/9_food.jpg""]","false","5","9","true","43"
"1112","80","binary-choice","46","126764","0.0-3.0-43.0","sr3300","","[""img/3_food.jpg"",""img/3_food.jpg"",""img/4_food.jpg""]","false","3","4","true","44"
"1689","81","binary-choice","47","129329","0.0-3.0-44.0","sr3300","","[""img/2_food.jpg"",""img/2_food.jpg"",""img/20_food.jpg""]","true","20","2","true","45"
"2334","80","binary-choice","48","131976","0.0-3.0-45.0","sr3300","","[""img/20_food.jpg"",""img/20_food.jpg"",""img/26_food.jpg""]","false","20","26","true","46"
"1283","80","binary-choice","49","133986","0.0-3.0-46.0","sr3300","","[""img/9_food.jpg"",""img/9_food.jpg"",""img/30_food.jpg""]","true","30","9","true","47"
"1654","80","binary-choice","50","136452","0.0-3.0-47.0","sr3300","","[""img/7_food.jpg"",""img/7_food.jpg"",""img/8_food.jpg""]","false","7","8","true","48"
"927","80","binary-choice","51","138148","0.0-3.0-48.0","sr3300","","[""img/25_food.jpg"",""img/25_food.jpg"",""img/30_food.jpg""]","false","25","30","true","49"
"6001","80","binary-choice","52","144681","0.0-3.0-49.0","sr3300","","[""img/26_food.jpg"",""img/26_food.jpg"",""img/30_food.jpg""]","false","26","30","true","50"
"1499","81","binary-choice","53","146937","0.0-3.0-50.0","sr3300","","[""img/22_food.jpg"",""img/22_food.jpg"",""img/24_food.jpg""]","false","22","24","true","51"
"1357","81","binary-choice","54","149043","0.0-3.0-51.0","sr3300","","[""img/4_food.jpg"",""img/4_food.jpg"",""img/29_food.jpg""]","false","4","29","true","52"
"3317","81","binary-choice","55","152816","0.0-3.0-52.0","sr3300","","[""img/21_food.jpg"",""img/21_food.jpg"",""img/24_food.jpg""]","true","24","21","true","53"
"804","81","binary-choice","56","153879","0.0-3.0-53.0","sr3300","","[""img/11_food.jpg"",""img/11_food.jpg"",""img/24_food.jpg""]","false","11","24","true","54"
"1357","81","binary-choice","57","155992","0.0-3.0-54.0","sr3300","","[""img/6_food.jpg"",""img/6_food.jpg"",""img/27_food.jpg""]","true","27","6","true","55"
"2054","81","binary-choice","58","158432","0.0-3.0-55.0","sr3300","","[""img/15_food.jpg"",""img/15_food.jpg"",""img/22_food.jpg""]","false","15","22","true","56"
"1277","80","binary-choice","59","160604","0.0-3.0-56.0","sr3300","","[""img/4_food.jpg"",""img/4_food.jpg"",""img/12_food.jpg""]","true","12","4","true","57"
"1357","81","binary-choice","60","162791","0.0-3.0-57.0","sr3300","","[""img/3_food.jpg"",""img/3_food.jpg"",""img/25_food.jpg""]","true","25","3","true","58"
"853","80","binary-choice","61","163938","0.0-3.0-58.0","sr3300","","[""img/4_food.jpg"",""img/4_food.jpg"",""img/9_food.jpg""]","false","4","9","true","59"
"1842","80","binary-choice","62","166240","0.0-3.0-59.0","sr3300","","[""img/6_food.jpg"",""img/6_food.jpg"",""img/26_food.jpg""]","false","6","26","true","60"
"1139","81","binary-choice","63","168335","0.0-3.0-60.0","sr3300","","[""img/18_food.jpg"",""img/18_food.jpg"",""img/28_food.jpg""]","false","18","28","true","61"
"1044","80","binary-choice","64","170257","0.0-3.0-61.0","sr3300","","[""img/1_food.jpg"",""img/1_food.jpg"",""img/8_food.jpg""]","true","8","1","true","62"
"981","80","binary-choice","65","171700","0.0-3.0-62.0","sr3300","","[""img/15_food.jpg"",""img/15_food.jpg"",""img/18_food.jpg""]","false","15","18","true","63"
"1326","81","binary-choice","66","173839","0.0-3.0-63.0","sr3300","","[""img/5_food.jpg"",""img/5_food.jpg"",""img/13_food.jpg""]","true","13","5","true","64"
"1033","81","binary-choice","67","175263","0.0-3.0-64.0","sr3300","","[""img/8_food.jpg"",""img/8_food.jpg"",""img/26_food.jpg""]","true","26","8","true","65"
"834","80","binary-choice","68","176473","0.0-3.0-65.0","sr3300","","[""img/7_food.jpg"",""img/7_food.jpg"",""img/10_food.jpg""]","false","7","10","true","66"
"1053","81","binary-choice","69","178463","0.0-3.0-66.0","sr3300","","[""img/2_food.jpg"",""img/2_food.jpg"",""img/10_food.jpg""]","true","10","2","true","67"
"1450","80","binary-choice","70","180535","0.0-3.0-67.0","sr3300","","[""img/8_food.jpg"",""img/8_food.jpg"",""img/28_food.jpg""]","false","8","28","true","68"
"1017","80","binary-choice","71","182132","0.0-3.0-68.0","sr3300","","[""img/16_food.jpg"",""img/16_food.jpg"",""img/27_food.jpg""]","false","16","27","true","69"
"930","80","binary-choice","72","183809","0.0-3.0-69.0","sr3300","","[""img/11_food.jpg"",""img/11_food.jpg"",""img/13_food.jpg""]","true","13","11","true","70"
"1127","81","binary-choice","73","185274","0.0-3.0-70.0","sr3300","","[""img/19_food.jpg"",""img/19_food.jpg"",""img/27_food.jpg""]","true","27","19","true","71"
"1287","81","binary-choice","74","186919","0.0-3.0-71.0","sr3300","","[""img/2_food.jpg"",""img/2_food.jpg"",""img/21_food.jpg""]","false","2","21","true","72"
"723","80","binary-choice","75","188278","0.0-3.0-72.0","sr3300","","[""img/6_food.jpg"",""img/6_food.jpg"",""img/11_food.jpg""]","false","6","11","true","73"
"1007","81","binary-choice","76","189551","0.0-3.0-73.0","sr3300","","[""img/6_food.jpg"",""img/6_food.jpg"",""img/21_food.jpg""]","true","21","6","true","74"
"633","80","binary-choice","77","190798","0.0-3.0-74.0","sr3300","","[""img/9_food.jpg"",""img/9_food.jpg"",""img/19_food.jpg""]","true","19","9","true","75"
"1277","81","binary-choice","78","192875","0.0-3.0-75.0","sr3300","","[""img/15_food.jpg"",""img/15_food.jpg"",""img/22_food.jpg""]","true","22","15","true","76"
"1050","80","binary-choice","79","194583","0.0-3.0-76.0","sr3300","","[""img/8_food.jpg"",""img/8_food.jpg"",""img/30_food.jpg""]","false","8","30","true","77"
"1819","81","binary-choice","80","197174","0.0-3.0-77.0","sr3300","","[""img/2_food.jpg"",""img/2_food.jpg"",""img/12_food.jpg""]","true","12","2","true","78"
"1337","80","binary-choice","81","199359","0.0-3.0-78.0","sr3300","","[""img/14_food.jpg"",""img/14_food.jpg"",""img/29_food.jpg""]","false","14","29","true","79"
"2320","80","binary-choice","82","201982","0.0-3.0-79.0","sr3300","","[""img/5_food.jpg"",""img/5_food.jpg"",""img/12_food.jpg""]","true","12","5","true","80"
"1042","81","binary-choice","83","203410","0.0-3.0-80.0","sr3300","","[""img/2_food.jpg"",""img/2_food.jpg"",""img/25_food.jpg""]","false","2","25","true","81"
"822","81","binary-choice","84","204967","0.0-3.0-81.0","sr3300","","[""img/23_food.jpg"",""img/23_food.jpg"",""img/26_food.jpg""]","true","26","23","true","82"
"1127","80","binary-choice","85","206711","0.0-3.0-82.0","sr3300","","[""img/16_food.jpg"",""img/16_food.jpg"",""img/26_food.jpg""]","false","16","26","true","83"
"1017","81","binary-choice","86","208150","0.0-3.0-83.0","sr3300","","[""img/25_food.jpg"",""img/25_food.jpg"",""img/28_food.jpg""]","true","28","25","true","84"
"2205","80","binary-choice","87","210647","0.0-3.0-84.0","sr3300","","[""img/4_food.jpg"",""img/4_food.jpg"",""img/30_food.jpg""]","false","4","30","true","85"
"2111","80","binary-choice","88","213174","0.0-3.0-85.0","sr3300","","[""img/28_food.jpg"",""img/28_food.jpg"",""img/29_food.jpg""]","true","29","28","true","86"
"4094","81","binary-choice","89","217569","0.0-3.0-86.0","sr3300","","[""img/8_food.jpg"",""img/8_food.jpg"",""img/19_food.jpg""]","false","8","19","true","87"
"4281","80","binary-choice","90","222302","0.0-3.0-87.0","sr3300","","[""img/20_food.jpg"",""img/20_food.jpg"",""img/28_food.jpg""]","true","28","20","true","88"
"1272","80","binary-choice","91","224181","0.0-3.0-88.0","sr3300","","[""img/26_food.jpg"",""img/26_food.jpg"",""img/27_food.jpg""]","true","27","26","true","89"
"1023","80","binary-choice","92","225614","0.0-3.0-89.0","sr3300","","[""img/11_food.jpg"",""img/11_food.jpg"",""img/14_food.jpg""]","true","14","11","true","90"
"2501","81","binary-choice","93","228497","0.0-3.0-90.0","sr3300","","[""img/10_food.jpg"",""img/10_food.jpg"",""img/28_food.jpg""]","false","10","28","true","91"
"877","81","binary-choice","94","230302","0.0-3.0-91.0","sr3300","","[""img/10_food.jpg"",""img/10_food.jpg"",""img/26_food.jpg""]","true","26","10","true","92"
"1080","80","binary-choice","95","232263","0.0-3.0-92.0","sr3300","","[""img/12_food.jpg"",""img/12_food.jpg"",""img/29_food.jpg""]","false","12","29","true","93"
"932","80","binary-choice","96","233879","0.0-3.0-93.0","sr3300","","[""img/22_food.jpg"",""img/22_food.jpg"",""img/26_food.jpg""]","false","22","26","true","94"
"910","81","binary-choice","97","235333","0.0-3.0-94.0","sr3300","","[""img/1_food.jpg"",""img/1_food.jpg"",""img/15_food.jpg""]","false","1","15","true","95"
"1312","81","binary-choice","98","237294","0.0-3.0-95.0","sr3300","","[""img/23_food.jpg"",""img/23_food.jpg"",""img/24_food.jpg""]","true","24","23","true","96"
"1109","80","binary-choice","99","239130","0.0-3.0-96.0","sr3300","","[""img/16_food.jpg"",""img/16_food.jpg"",""img/22_food.jpg""]","false","16","22","true","97"
"3462","80","binary-choice","100","242900","0.0-3.0-97.0","sr3300","","[""img/8_food.jpg"",""img/8_food.jpg"",""img/21_food.jpg""]","false","8","21","true","98"
"821","81","binary-choice","101","244667","0.0-3.0-98.0","sr3300","","[""img/10_food.jpg"",""img/10_food.jpg"",""img/23_food.jpg""]","false","10","23","true","99"
"2256","81","binary-choice","102","247226","0.0-3.0-99.0","sr3300","","[""img/17_food.jpg"",""img/17_food.jpg"",""img/21_food.jpg""]","false","17","21","true","100"
"1026","80","binary-choice","103","248669","0.0-3.0-100.0","sr3300","","[""img/16_food.jpg"",""img/16_food.jpg"",""img/18_food.jpg""]","false","16","18","true","101"
"1518","80","binary-choice","104","250839","0.0-3.0-101.0","sr3300","","[""img/14_food.jpg"",""img/14_food.jpg"",""img/22_food.jpg""]","true","22","14","true","102"
"1016","80","binary-choice","105","252786","0.0-3.0-102.0","sr3300","","[""img/4_food.jpg"",""img/4_food.jpg"",""img/5_food.jpg""]","true","5","4","true","103"
"1201","80","binary-choice","106","254484","0.0-3.0-103.0","sr3300","","[""img/17_food.jpg"",""img/17_food.jpg"",""img/28_food.jpg""]","true","28","17","true","104"
"1202","81","binary-choice","107","256066","0.0-3.0-104.0","sr3300","","[""img/8_food.jpg"",""img/8_food.jpg"",""img/12_food.jpg""]","true","12","8","true","105"
"808","80","binary-choice","108","257402","0.0-3.0-105.0","sr3300","","[""img/16_food.jpg"",""img/16_food.jpg"",""img/17_food.jpg""]","false","16","17","true","106"
"1491","80","binary-choice","109","259331","0.0-3.0-106.0","sr3300","","[""img/3_food.jpg"",""img/3_food.jpg"",""img/10_food.jpg""]","false","3","10","true","107"
"2529","81","binary-choice","110","262823","0.0-3.0-107.0","sr3300","","[""img/5_food.jpg"",""img/5_food.jpg"",""img/14_food.jpg""]","false","5","14","true","108"
"1030","81","binary-choice","111","264487","0.0-3.0-108.0","sr3300","","[""img/20_food.jpg"",""img/20_food.jpg"",""img/28_food.jpg""]","false","20","28","true","109"
"1100","80","binary-choice","112","266379","0.0-3.0-109.0","sr3300","","[""img/9_food.jpg"",""img/9_food.jpg"",""img/10_food.jpg""]","true","10","9","true","110"
"951","80","binary-choice","113","267637","0.0-3.0-110.0","sr3300","","[""img/6_food.jpg"",""img/6_food.jpg"",""img/30_food.jpg""]","false","6","30","true","111"
"1191","80","binary-choice","114","269562","0.0-3.0-111.0","sr3300","","[""img/2_food.jpg"",""img/2_food.jpg"",""img/15_food.jpg""]","true","15","2","true","112"
"602","81","binary-choice","115","271042","0.0-3.0-112.0","sr3300","","[""img/11_food.jpg"",""img/11_food.jpg"",""img/27_food.jpg""]","false","11","27","true","113"
"590","81","binary-choice","116","272154","0.0-3.0-113.0","sr3300","","[""img/18_food.jpg"",""img/18_food.jpg"",""img/23_food.jpg""]","false","18","23","true","114"
"1010","81","binary-choice","117","273583","0.0-3.0-114.0","sr3300","","[""img/12_food.jpg"",""img/12_food.jpg"",""img/19_food.jpg""]","false","12","19","true","115"
"2681","81","binary-choice","118","276994","0.0-3.0-115.0","sr3300","","[""img/15_food.jpg"",""img/15_food.jpg"",""img/19_food.jpg""]","false","15","19","true","116"
"597","81","binary-choice","119","278505","0.0-3.0-116.0","sr3300","","[""img/4_food.jpg"",""img/4_food.jpg"",""img/11_food.jpg""]","true","11","4","true","117"
"1003","81","binary-choice","120","280057","0.0-3.0-117.0","sr3300","","[""img/12_food.jpg"",""img/12_food.jpg"",""img/26_food.jpg""]","true","26","12","true","118"
"897","80","binary-choice","121","281298","0.0-3.0-118.0","sr3300","","[""img/6_food.jpg"",""img/6_food.jpg"",""img/28_food.jpg""]","false","6","28","true","119"
"649","81","binary-choice","122","282329","0.0-3.0-119.0","sr3300","","[""img/8_food.jpg"",""img/8_food.jpg"",""img/28_food.jpg""]","true","28","8","true","120"
"814","81","binary-choice","123","283489","0.0-3.0-120.0","sr3300","","[""img/9_food.jpg"",""img/9_food.jpg"",""img/15_food.jpg""]","false","9","15","true","121"
"1104","81","binary-choice","124","285311","0.0-3.0-121.0","sr3300","","[""img/19_food.jpg"",""img/19_food.jpg"",""img/29_food.jpg""]","false","19","29","true","122"
"792","80","binary-choice","125","286805","0.0-3.0-122.0","sr3300","","[""img/13_food.jpg"",""img/13_food.jpg"",""img/29_food.jpg""]","true","29","13","true","123"
"663","81","binary-choice","126","288106","0.0-3.0-123.0","sr3300","","[""img/7_food.jpg"",""img/7_food.jpg"",""img/18_food.jpg""]","true","18","7","true","124"
"975","80","binary-choice","127","289609","0.0-3.0-124.0","sr3300","","[""img/5_food.jpg"",""img/5_food.jpg"",""img/19_food.jpg""]","true","19","5","true","125"
"2800","81","binary-choice","128","292905","0.0-3.0-125.0","sr3300","","[""img/19_food.jpg"",""img/19_food.jpg"",""img/21_food.jpg""]","true","21","19","true","126"
"779","80","binary-choice","129","294329","0.0-3.0-126.0","sr3300","","[""img/9_food.jpg"",""img/9_food.jpg"",""img/17_food.jpg""]","true","17","9","true","127"
"2294","81","binary-choice","130","297412","0.0-3.0-127.0","sr3300","","[""img/7_food.jpg"",""img/7_food.jpg"",""img/29_food.jpg""]","true","29","7","true","128"
"1199","81","binary-choice","131","299090","0.0-3.0-128.0","sr3300","","[""img/20_food.jpg"",""img/20_food.jpg"",""img/25_food.jpg""]","false","20","25","true","129"
"4558","81","binary-choice","132","304549","0.0-3.0-129.0","sr3300","","[""img/15_food.jpg"",""img/15_food.jpg"",""img/24_food.jpg""]","false","15","24","true","130"
"1426","80","binary-choice","133","306301","0.0-3.0-130.0","sr3300","","[""img/16_food.jpg"",""img/16_food.jpg"",""img/21_food.jpg""]","false","16","21","true","131"
"1128","80","binary-choice","134","307699","0.0-3.0-131.0","sr3300","","[""img/7_food.jpg"",""img/7_food.jpg"",""img/8_food.jpg""]","false","7","8","true","132"
"715","81","binary-choice","135","309276","0.0-3.0-132.0","sr3300","","[""img/11_food.jpg"",""img/11_food.jpg"",""img/15_food.jpg""]","false","11","15","true","133"
"1399","80","binary-choice","136","311652","0.0-3.0-133.0","sr3300","","[""img/13_food.jpg"",""img/13_food.jpg"",""img/20_food.jpg""]","false","13","20","true","134"
"700","81","binary-choice","137","313020","0.0-3.0-134.0","sr3300","","[""img/3_food.jpg"",""img/3_food.jpg"",""img/30_food.jpg""]","true","30","3","true","135"
"886","80","binary-choice","138","314790","0.0-3.0-135.0","sr3300","","[""img/11_food.jpg"",""img/11_food.jpg"",""img/16_food.jpg""]","true","16","11","true","136"
"1142","80","binary-choice","139","316588","0.0-3.0-136.0","sr3300","","[""img/19_food.jpg"",""img/19_food.jpg"",""img/30_food.jpg""]","false","19","30","true","137"
"1490","80","binary-choice","140","318752","0.0-3.0-137.0","sr3300","","[""img/2_food.jpg"",""img/2_food.jpg"",""img/23_food.jpg""]","false","2","23","true","138"
"1113","81","binary-choice","141","320828","0.0-3.0-138.0","sr3300","","[""img/2_food.jpg"",""img/2_food.jpg"",""img/16_food.jpg""]","false","2","16","true","139"
"919","80","binary-choice","142","322131","0.0-3.0-139.0","sr3300","","[""img/8_food.jpg"",""img/8_food.jpg"",""img/9_food.jpg""]","false","8","9","true","140"
"1095","80","binary-choice","143","323876","0.0-3.0-140.0","sr3300","","[""img/7_food.jpg"",""img/7_food.jpg"",""img/22_food.jpg""]","false","7","22","true","141"
"1221","81","binary-choice","144","325604","0.0-3.0-141.0","sr3300","","[""img/13_food.jpg"",""img/13_food.jpg"",""img/23_food.jpg""]","false","13","23","true","142"
"1509","80","binary-choice","145","327948","0.0-3.0-142.0","sr3300","","[""img/6_food.jpg"",""img/6_food.jpg"",""img/22_food.jpg""]","false","6","22","true","143"
"2067","80","binary-choice","146","330289","0.0-3.0-143.0","sr3300","","[""img/10_food.jpg"",""img/10_food.jpg"",""img/16_food.jpg""]","true","16","10","true","144"
"550","80","binary-choice","147","331661","0.0-3.0-144.0","sr3300","","[""img/10_food.jpg"",""img/10_food.jpg"",""img/13_food.jpg""]","true","13","10","true","145"
"944","80","binary-choice","148","333299","0.0-3.0-145.0","sr3300","","[""img/4_food.jpg"",""img/4_food.jpg"",""img/24_food.jpg""]","true","24","4","true","146"
"1308","81","binary-choice","149","335500","0.0-3.0-146.0","sr3300","","[""img/3_food.jpg"",""img/3_food.jpg"",""img/15_food.jpg""]","true","15","3","true","147"
"1009","80","binary-choice","150","336876","0.0-3.0-147.0","sr3300","","[""img/2_food.jpg"",""img/2_food.jpg"",""img/28_food.jpg""]","false","2","28","true","148"
"682","80","binary-choice","151","338164","0.0-3.0-148.0","sr3300","","[""img/9_food.jpg"",""img/9_food.jpg"",""img/27_food.jpg""]","true","27","9","true","149"
"1503","81","binary-choice","152","340100","0.0-3.0-149.0","sr3300","","[""img/2_food.jpg"",""img/2_food.jpg"",""img/20_food.jpg""]","true","20","2","true","150"
"1176","81","binary-choice","153","341882","0.0-3.0-150.0","sr3300","","[""img/5_food.jpg"",""img/5_food.jpg"",""img/29_food.jpg""]","false","5","29","true","151"
"838","80","binary-choice","154","343508","0.0-3.0-151.0","sr3300","","[""img/20_food.jpg"",""img/20_food.jpg"",""img/21_food.jpg""]","true","21","20","true","152"
"833","81","binary-choice","155","344891","0.0-3.0-152.0","sr3300","","[""img/4_food.jpg"",""img/4_food.jpg"",""img/15_food.jpg""]","false","4","15","true","153"
"1086","81","binary-choice","156","346620","0.0-3.0-153.0","sr3300","","[""img/13_food.jpg"",""img/13_food.jpg"",""img/19_food.jpg""]","false","13","19","true","154"
"2249","81","binary-choice","157","349648","0.0-3.0-154.0","sr3300","","[""img/12_food.jpg"",""img/12_food.jpg"",""img/24_food.jpg""]","false","12","24","true","155"
"1557","81","binary-choice","158","351740","0.0-3.0-155.0","sr3300","","[""img/2_food.jpg"",""img/2_food.jpg"",""img/22_food.jpg""]","true","22","2","true","156"
"783","81","binary-choice","159","353208","0.0-3.0-156.0","sr3300","","[""img/2_food.jpg"",""img/2_food.jpg"",""img/18_food.jpg""]","true","18","2","true","157"
"1032","81","binary-choice","160","354796","0.0-3.0-157.0","sr3300","","[""img/12_food.jpg"",""img/12_food.jpg"",""img/16_food.jpg""]","false","12","16","true","158"
"1278","81","binary-choice","161","356660","0.0-3.0-158.0","sr3300","","[""img/3_food.jpg"",""img/3_food.jpg"",""img/19_food.jpg""]","true","19","3","true","159"
"1142","80","binary-choice","162","358651","0.0-3.0-159.0","sr3300","","[""img/18_food.jpg"",""img/18_food.jpg"",""img/19_food.jpg""]","true","19","18","true","160"
"998","80","binary-choice","163","359989","0.0-3.0-160.0","sr3300","","[""img/3_food.jpg"",""img/3_food.jpg"",""img/18_food.jpg""]","false","3","18","true","161"
"731","81","binary-choice","164","361299","0.0-3.0-161.0","sr3300","","[""img/9_food.jpg"",""img/9_food.jpg"",""img/21_food.jpg""]","false","9","21","true","162"
"1077","80","binary-choice","165","363171","0.0-3.0-162.0","sr3300","","[""img/16_food.jpg"",""img/16_food.jpg"",""img/30_food.jpg""]","false","16","30","true","163"
"1498","81","binary-choice","166","365118","0.0-3.0-163.0","sr3300","","[""img/18_food.jpg"",""img/18_food.jpg"",""img/26_food.jpg""]","false","18","26","true","164"
"966","81","binary-choice","167","366866","0.0-3.0-164.0","sr3300","","[""img/4_food.jpg"",""img/4_food.jpg"",""img/22_food.jpg""]","false","4","22","true","165"
"1038","80","binary-choice","168","368827","0.0-3.0-165.0","sr3300","","[""img/13_food.jpg"",""img/13_food.jpg"",""img/24_food.jpg""]","true","24","13","true","166"
"1605","80","binary-choice","169","370899","0.0-3.0-166.0","sr3300","","[""img/1_food.jpg"",""img/1_food.jpg"",""img/14_food.jpg""]","true","14","1","true","167"
"932","80","binary-choice","170","372284","0.0-3.0-167.0","sr3300","","[""img/1_food.jpg"",""img/1_food.jpg"",""img/7_food.jpg""]","true","7","1","true","168"
"1377","81","binary-choice","171","374116","0.0-3.0-168.0","sr3300","","[""img/7_food.jpg"",""img/7_food.jpg"",""img/25_food.jpg""]","true","25","7","true","169"
"1136","81","binary-choice","172","376050","0.0-3.0-169.0","sr3300","","[""img/15_food.jpg"",""img/15_food.jpg"",""img/27_food.jpg""]","true","27","15","true","170"
"1406","81","binary-choice","173","378178","0.0-3.0-170.0","sr3300","","[""img/25_food.jpg"",""img/25_food.jpg"",""img/27_food.jpg""]","true","27","25","true","171"
"1094","81","binary-choice","174","379534","0.0-3.0-171.0","sr3300","","[""img/9_food.jpg"",""img/9_food.jpg"",""img/29_food.jpg""]","false","9","29","true","172"
"1862","81","binary-choice","175","381858","0.0-3.0-172.0","sr3300","","[""img/1_food.jpg"",""img/1_food.jpg"",""img/4_food.jpg""]","true","4","1","true","173"
"1462","80","binary-choice","176","383610","0.0-3.0-173.0","sr3300","","[""img/10_food.jpg"",""img/10_food.jpg"",""img/15_food.jpg""]","true","15","10","true","174"
"1183","80","binary-choice","177","385642","0.0-3.0-174.0","sr3300","","[""img/1_food.jpg"",""img/1_food.jpg"",""img/23_food.jpg""]","true","23","1","true","175"
"1516","81","binary-choice","178","387815","0.0-3.0-175.0","sr3300","","[""img/20_food.jpg"",""img/20_food.jpg"",""img/24_food.jpg""]","false","20","24","true","176"
"2490","80","binary-choice","179","391226","0.0-3.0-176.0","sr3300","","[""img/12_food.jpg"",""img/12_food.jpg"",""img/28_food.jpg""]","false","12","28","true","177"
"1053","81","binary-choice","180","392593","0.0-3.0-177.0","sr3300","","[""img/15_food.jpg"",""img/15_food.jpg"",""img/27_food.jpg""]","true","27","15","true","178"
"1199","80","binary-choice","181","394186","0.0-3.0-178.0","sr3300","","[""img/5_food.jpg"",""img/5_food.jpg"",""img/7_food.jpg""]","true","7","5","true","179"
"1974","81","binary-choice","182","397034","0.0-3.0-179.0","sr3300","","[""img/14_food.jpg"",""img/14_food.jpg"",""img/25_food.jpg""]","false","14","25","true","180"
"760","81","binary-choice","183","398088","0.0-3.0-180.0","sr3300","","[""img/9_food.jpg"",""img/9_food.jpg"",""img/20_food.jpg""]","false","9","20","true","181"
"1707","81","binary-choice","184","400651","0.0-3.0-181.0","sr3300","","[""img/17_food.jpg"",""img/17_food.jpg"",""img/27_food.jpg""]","true","27","17","true","182"
"3164","81","binary-choice","185","404762","0.0-3.0-182.0","sr3300","","[""img/14_food.jpg"",""img/14_food.jpg"",""img/28_food.jpg""]","true","28","14","true","183"
"1204","80","binary-choice","186","406619","0.0-3.0-183.0","sr3300","","[""img/2_food.jpg"",""img/2_food.jpg"",""img/14_food.jpg""]","false","2","14","true","184"
"1028","81","binary-choice","187","408318","0.0-3.0-184.0","sr3300","","[""img/14_food.jpg"",""img/14_food.jpg"",""img/21_food.jpg""]","false","14","21","true","185"
"794","80","binary-choice","188","409641","0.0-3.0-185.0","sr3300","","[""img/6_food.jpg"",""img/6_food.jpg"",""img/11_food.jpg""]","false","6","11","true","186"
"2006","80","binary-choice","189","412257","0.0-3.0-186.0","sr3300","","[""img/6_food.jpg"",""img/6_food.jpg"",""img/19_food.jpg""]","false","6","19","true","187"
"1565","80","binary-choice","190","414682","0.0-3.0-187.0","sr3300","","[""img/13_food.jpg"",""img/13_food.jpg"",""img/30_food.jpg""]","false","13","30","true","188"
"1147","81","binary-choice","191","416513","0.0-3.0-188.0","sr3300","","[""img/20_food.jpg"",""img/20_food.jpg"",""img/24_food.jpg""]","false","20","24","true","189"
"3106","80","binary-choice","192","420449","0.0-3.0-189.0","sr3300","","[""img/12_food.jpg"",""img/12_food.jpg"",""img/16_food.jpg""]","true","16","12","true","190"
"1214","81","binary-choice","193","422556","0.0-3.0-190.0","sr3300","","[""img/12_food.jpg"",""img/12_food.jpg"",""img/13_food.jpg""]","true","13","12","true","191"
"811","81","binary-choice","194","424068","0.0-3.0-191.0","sr3300","","[""img/11_food.jpg"",""img/11_food.jpg"",""img/17_food.jpg""]","false","11","17","true","192"
"1792","81","binary-choice","195","426724","0.0-3.0-192.0","sr3300","","[""img/1_food.jpg"",""img/1_food.jpg"",""img/9_food.jpg""]","true","9","1","true","193"
"1421","80","binary-choice","196","429023","0.0-3.0-193.0","sr3300","","[""img/13_food.jpg"",""img/13_food.jpg"",""img/30_food.jpg""]","false","13","30","true","194"
"1093","80","binary-choice","197","430794","0.0-3.0-194.0","sr3300","","[""img/13_food.jpg"",""img/13_food.jpg"",""img/15_food.jpg""]","true","15","13","true","195"
"2540","81","binary-choice","198","433852","0.0-3.0-195.0","sr3300","","[""img/21_food.jpg"",""img/21_food.jpg"",""img/30_food.jpg""]","true","30","21","true","196"
"1136","81","binary-choice","199","435939","0.0-3.0-196.0","sr3300","","[""img/3_food.jpg"",""img/3_food.jpg"",""img/22_food.jpg""]","true","22","3","true","197"
"1670","80","binary-choice","200","438579","0.0-3.0-197.0","sr3300","","[""img/6_food.jpg"",""img/6_food.jpg"",""img/25_food.jpg""]","true","25","6","true","198"
"1030","81","binary-choice","201","439867","0.0-3.0-198.0","sr3300","","[""img/17_food.jpg"",""img/17_food.jpg"",""img/29_food.jpg""]","false","17","29","true","199"
"1116","80","binary-choice","202","441615","0.0-3.0-199.0","sr3300","","[""img/24_food.jpg"",""img/24_food.jpg"",""img/27_food.jpg""]","false","24","27","true","200"
"1291","81","binary-choice","203","443875","0.0-3.0-200.0","sr3300","","[""img/26_food.jpg"",""img/26_food.jpg"",""img/29_food.jpg""]","false","26","29","true","201"
"1574","81","binary-choice","204","446195","0.0-3.0-201.0","sr3300","","[""img/7_food.jpg"",""img/7_food.jpg"",""img/16_food.jpg""]","false","7","16","true","202"
"1483","81","binary-choice","205","448043","0.0-3.0-202.0","sr3300","","[""img/10_food.jpg"",""img/10_food.jpg"",""img/17_food.jpg""]","false","10","17","true","203"
"1122","80","binary-choice","206","449795","0.0-3.0-203.0","sr3300","","[""img/11_food.jpg"",""img/11_food.jpg"",""img/13_food.jpg""]","true","13","11","true","204"
"1001","80","binary-choice","207","451784","0.0-3.0-204.0","sr3300","","[""img/16_food.jpg"",""img/16_food.jpg"",""img/23_food.jpg""]","false","16","23","true","205"
"848","81","binary-choice","208","452925","0.0-3.0-205.0","sr3300","","[""img/13_food.jpg"",""img/13_food.jpg"",""img/24_food.jpg""]","false","13","24","true","206"
"2154","80","binary-choice","209","455459","0.0-3.0-206.0","sr3300","","[""img/3_food.jpg"",""img/3_food.jpg"",""img/16_food.jpg""]","true","16","3","true","207"
"941","81","binary-choice","210","456795","0.0-3.0-207.0","sr3300","","[""img/10_food.jpg"",""img/10_food.jpg"",""img/24_food.jpg""]","false","10","24","true","208"
"2476","80","binary-choice","211","459682","0.0-3.0-208.0","sr3300","","[""img/21_food.jpg"",""img/21_food.jpg"",""img/29_food.jpg""]","false","21","29","true","209"
"1518","80","binary-choice","212","461643","0.0-3.0-209.0","sr3300","","[""img/19_food.jpg"",""img/19_food.jpg"",""img/27_food.jpg""]","false","19","27","true","210"
"1680","80","binary-choice","213","464118","0.0-3.0-210.0","sr3300","","[""img/21_food.jpg"",""img/21_food.jpg"",""img/25_food.jpg""]","true","25","21","true","211"
"1667","81","binary-choice","214","466667","0.0-3.0-211.0","sr3300","","[""img/24_food.jpg"",""img/24_food.jpg"",""img/25_food.jpg""]","false","24","25","true","212"
"2145","81","binary-choice","215","469291","0.0-3.0-212.0","sr3300","","[""img/16_food.jpg"",""img/16_food.jpg"",""img/19_food.jpg""]","false","16","19","true","213"
"1600","81","binary-choice","216","471275","0.0-3.0-213.0","sr3300","","[""img/6_food.jpg"",""img/6_food.jpg"",""img/23_food.jpg""]","true","23","6","true","214"
"791","80","binary-choice","217","472581","0.0-3.0-214.0","sr3300","","[""img/11_food.jpg"",""img/11_food.jpg"",""img/12_food.jpg""]","true","12","11","true","215"
"959","80","binary-choice","218","474168","0.0-3.0-215.0","sr3300","","[""img/1_food.jpg"",""img/1_food.jpg"",""img/22_food.jpg""]","true","22","1","true","216"
"1074","80","binary-choice","219","476066","0.0-3.0-216.0","sr3300","","[""img/19_food.jpg"",""img/19_food.jpg"",""img/28_food.jpg""]","false","19","28","true","217"
"1533","81","binary-choice","220","478195","0.0-3.0-217.0","sr3300","","[""img/14_food.jpg"",""img/14_food.jpg"",""img/20_food.jpg""]","true","20","14","true","218"
"894","80","binary-choice","221","479581","0.0-3.0-218.0","sr3300","","[""img/23_food.jpg"",""img/23_food.jpg"",""img/26_food.jpg""]","false","23","26","true","219"
"1073","81","binary-choice","222","481106","0.0-3.0-219.0","sr3300","","[""img/15_food.jpg"",""img/15_food.jpg"",""img/28_food.jpg""]","true","28","15","true","220"
"985","81","binary-choice","223","482781","0.0-3.0-220.0","sr3300","","[""img/3_food.jpg"",""img/3_food.jpg"",""img/26_food.jpg""]","true","26","3","true","221"
"967","81","binary-choice","224","484010","0.0-3.0-221.0","sr3300","","[""img/21_food.jpg"",""img/21_food.jpg"",""img/29_food.jpg""]","true","29","21","true","222"
"797","80","binary-choice","225","485302","0.0-3.0-222.0","sr3300","","[""img/7_food.jpg"",""img/7_food.jpg"",""img/9_food.jpg""]","false","7","9","true","223"
"1564","80","binary-choice","226","487218","0.0-3.0-223.0","sr3300","","[""img/6_food.jpg"",""img/6_food.jpg"",""img/7_food.jpg""]","false","6","7","true","224"
"1645","81","binary-choice","227","489306","0.0-3.0-224.0","sr3300","","[""img/3_food.jpg"",""img/3_food.jpg"",""img/29_food.jpg""]","true","29","3","true","225"
"1430","80","binary-choice","228","491521","0.0-3.0-225.0","sr3300","","[""img/5_food.jpg"",""img/5_food.jpg"",""img/7_food.jpg""]","true","7","5","true","226"
"1260","81","binary-choice","229","493516","0.0-3.0-226.0","sr3300","","[""img/14_food.jpg"",""img/14_food.jpg"",""img/23_food.jpg""]","false","14","23","true","227"
"783","80","binary-choice","230","494594","0.0-3.0-227.0","sr3300","","[""img/7_food.jpg"",""img/7_food.jpg"",""img/20_food.jpg""]","false","7","20","true","228"
"795","80","binary-choice","231","496151","0.0-3.0-228.0","sr3300","","[""img/3_food.jpg"",""img/3_food.jpg"",""img/18_food.jpg""]","false","3","18","true","229"
"858","81","binary-choice","232","497749","0.0-3.0-229.0","sr3300","","[""img/2_food.jpg"",""img/2_food.jpg"",""img/28_food.jpg""]","true","28","2","true","230"
"1396","80","binary-choice","233","499770","0.0-3.0-230.0","sr3300","","[""img/2_food.jpg"",""img/2_food.jpg"",""img/29_food.jpg""]","true","29","2","true","231"
"2185","81","binary-choice","234","502618","0.0-3.0-231.0","sr3300","","[""img/4_food.jpg"",""img/4_food.jpg"",""img/17_food.jpg""]","true","17","4","true","232"
"624","80","binary-choice","235","504073","0.0-3.0-232.0","sr3300","","[""img/17_food.jpg"",""img/17_food.jpg"",""img/23_food.jpg""]","true","23","17","true","233"
"705","80","binary-choice","236","505049","0.0-3.0-233.0","sr3300","","[""img/3_food.jpg"",""img/3_food.jpg"",""img/28_food.jpg""]","false","3","28","true","234"
"886","80","binary-choice","237","506709","0.0-3.0-234.0","sr3300","","[""img/25_food.jpg"",""img/25_food.jpg"",""img/26_food.jpg""]","false","25","26","true","235"
"1258","81","binary-choice","238","508522","0.0-3.0-235.0","sr3300","","[""img/13_food.jpg"",""img/13_food.jpg"",""img/27_food.jpg""]","true","27","13","true","236"
"1131","81","binary-choice","239","510216","0.0-3.0-236.0","sr3300","","[""img/15_food.jpg"",""img/15_food.jpg"",""img/26_food.jpg""]","true","26","15","true","237"
"1551","81","binary-choice","240","512297","0.0-3.0-237.0","sr3300","","[""img/14_food.jpg"",""img/14_food.jpg"",""img/24_food.jpg""]","false","14","24","true","238"
"827","81","binary-choice","241","514056","0.0-3.0-238.0","sr3300","","[""img/6_food.jpg"",""img/6_food.jpg"",""img/20_food.jpg""]","true","20","6","true","239"
"1009","80","binary-choice","242","515833","0.0-3.0-239.0","sr3300","","[""img/13_food.jpg"",""img/13_food.jpg"",""img/17_food.jpg""]","true","17","13","true","240"
"868","80","binary-choice","243","517535","0.0-3.0-240.0","sr3300","","[""img/4_food.jpg"",""img/4_food.jpg"",""img/24_food.jpg""]","true","24","4","true","241"
"1558","81","binary-choice","244","519825","0.0-3.0-241.0","sr3300","","[""img/14_food.jpg"",""img/14_food.jpg"",""img/21_food.jpg""]","false","14","21","true","242"
"837","80","binary-choice","245","520953","0.0-3.0-242.0","sr3300","","[""img/3_food.jpg"",""img/3_food.jpg"",""img/20_food.jpg""]","false","3","20","true","243"
"1746","81","binary-choice","246","523394","0.0-3.0-243.0","sr3300","","[""img/13_food.jpg"",""img/13_food.jpg"",""img/25_food.jpg""]","false","13","25","true","244"
"2736","81","binary-choice","247","527129","0.0-3.0-244.0","sr3300","","[""img/8_food.jpg"",""img/8_food.jpg"",""img/15_food.jpg""]","false","8","15","true","245"
"2031","80","binary-choice","248","529853","0.0-3.0-245.0","sr3300","","[""img/8_food.jpg"",""img/8_food.jpg"",""img/19_food.jpg""]","true","19","8","true","246"
"904","81","binary-choice","249","531072","0.0-3.0-246.0","sr3300","","[""img/16_food.jpg"",""img/16_food.jpg"",""img/20_food.jpg""]","true","20","16","true","247"
"954","81","binary-choice","250","532386","0.0-3.0-247.0","sr3300","","[""img/1_food.jpg"",""img/1_food.jpg"",""img/20_food.jpg""]","false","1","20","true","248"
"1097","80","binary-choice","251","534008","0.0-3.0-248.0","sr3300","","[""img/3_food.jpg"",""img/3_food.jpg"",""img/19_food.jpg""]","false","3","19","true","249"
"1530","81","binary-choice","252","536272","0.0-3.0-249.0","sr3300","","[""img/22_food.jpg"",""img/22_food.jpg"",""img/23_food.jpg""]","true","23","22","true","250"
"951","80","binary-choice","253","537521","0.0-3.0-250.0","sr3300","","[""img/18_food.jpg"",""img/18_food.jpg"",""img/26_food.jpg""]","true","26","18","true","251"
"889","80","binary-choice","254","538680","0.0-3.0-251.0","sr3300","","[""img/17_food.jpg"",""img/17_food.jpg"",""img/19_food.jpg""]","true","19","17","true","252"
"754","80","binary-choice","255","540076","0.0-3.0-252.0","sr3300","","[""img/18_food.jpg"",""img/18_food.jpg"",""img/24_food.jpg""]","true","24","18","true","253"
"686","80","binary-choice","256","541496","0.0-3.0-253.0","sr3300","","[""img/17_food.jpg"",""img/17_food.jpg"",""img/24_food.jpg""]","true","24","17","true","254"
"946","81","binary-choice","257","543287","0.0-3.0-254.0","sr3300","","[""img/9_food.jpg"",""img/9_food.jpg"",""img/24_food.jpg""]","false","9","24","true","255"
"1369","80","binary-choice","258","545507","0.0-3.0-255.0","sr3300","","[""img/3_food.jpg"",""img/3_food.jpg"",""img/24_food.jpg""]","false","3","24","true","256"
"831","81","binary-choice","259","547008","0.0-3.0-256.0","sr3300","","[""img/2_food.jpg"",""img/2_food.jpg"",""img/4_food.jpg""]","true","4","2","true","257"
"867","81","binary-choice","260","548744","0.0-3.0-257.0","sr3300","","[""img/10_food.jpg"",""img/10_food.jpg"",""img/18_food.jpg""]","true","18","10","true","258"
"2644","81","binary-choice","261","552076","0.0-3.0-258.0","sr3300","","[""img/14_food.jpg"",""img/14_food.jpg"",""img/19_food.jpg""]","false","14","19","true","259"
"883","80","binary-choice","262","553663","0.0-3.0-259.0","sr3300","","[""img/7_food.jpg"",""img/7_food.jpg"",""img/18_food.jpg""]","false","7","18","true","260"
"1577","81","binary-choice","263","555648","0.0-3.0-260.0","sr3300","","[""img/2_food.jpg"",""img/2_food.jpg"",""img/7_food.jpg""]","false","2","7","true","261"
"881","80","binary-choice","264","557258","0.0-3.0-261.0","sr3300","","[""img/1_food.jpg"",""img/1_food.jpg"",""img/15_food.jpg""]","true","15","1","true","262"
"1477","80","binary-choice","265","559291","0.0-3.0-262.0","sr3300","","[""img/5_food.jpg"",""img/5_food.jpg"",""img/14_food.jpg""]","true","14","5","true","263"
"1071","81","binary-choice","266","561225","0.0-3.0-263.0","sr3300","","[""img/8_food.jpg"",""img/8_food.jpg"",""img/17_food.jpg""]","true","17","8","true","264"
"687","80","binary-choice","267","562403","0.0-3.0-264.0","sr3300","","[""img/9_food.jpg"",""img/9_food.jpg"",""img/16_food.jpg""]","true","16","9","true","265"
"1061","80","binary-choice","268","564073","0.0-3.0-265.0","sr3300","","[""img/6_food.jpg"",""img/6_food.jpg"",""img/30_food.jpg""]","false","6","30","true","266"
"791","81","binary-choice","269","565512","0.0-3.0-266.0","sr3300","","[""img/3_food.jpg"",""img/3_food.jpg"",""img/5_food.jpg""]","true","5","3","true","267"
"1037","81","binary-choice","270","566888","0.0-3.0-267.0","sr3300","","[""img/7_food.jpg"",""img/7_food.jpg"",""img/23_food.jpg""]","true","23","7","true","268"
"635","80","binary-choice","271","567874","0.0-3.0-268.0","sr3300","","[""img/3_food.jpg"",""img/3_food.jpg"",""img/30_food.jpg""]","false","3","30","true","269"
"2107","81","binary-choice","272","570479","0.0-3.0-269.0","sr3300","","[""img/19_food.jpg"",""img/19_food.jpg"",""img/20_food.jpg""]","true","20","19","true","270"
"553","80","binary-choice","273","571583","0.0-3.0-270.0","sr3300","","[""img/26_food.jpg"",""img/26_food.jpg"",""img/29_food.jpg""]","true","29","26","true","271"
"717","80","binary-choice","274","572666","0.0-3.0-271.0","sr3300","","[""img/4_food.jpg"",""img/4_food.jpg"",""img/6_food.jpg""]","true","6","4","true","272"
"847","80","binary-choice","275","573810","0.0-3.0-272.0","sr3300","","[""img/10_food.jpg"",""img/10_food.jpg"",""img/16_food.jpg""]","true","16","10","true","273"
"8152","81","binary-choice","276","582248","0.0-3.0-273.0","sr3300","","[""img/7_food.jpg"",""img/7_food.jpg"",""img/15_food.jpg""]","true","15","7","true","274"
"1037","81","binary-choice","277","584148","0.0-3.0-274.0","sr3300","","[""img/3_food.jpg"",""img/3_food.jpg"",""img/25_food.jpg""]","true","25","3","true","275"
"1084","81","binary-choice","278","585736","0.0-3.0-275.0","sr3300","","[""img/9_food.jpg"",""img/9_food.jpg"",""img/10_food.jpg""]","false","9","10","true","276"
"888","81","binary-choice","279","586946","0.0-3.0-276.0","sr3300","","[""img/5_food.jpg"",""img/5_food.jpg"",""img/8_food.jpg""]","false","5","8","true","277"
"1024","80","binary-choice","280","588320","0.0-3.0-277.0","sr3300","","[""img/11_food.jpg"",""img/11_food.jpg"",""img/21_food.jpg""]","true","21","11","true","278"
"803","80","binary-choice","281","590032","0.0-3.0-278.0","sr3300","","[""img/4_food.jpg"",""img/4_food.jpg"",""img/17_food.jpg""]","false","4","17","true","279"
"1133","81","binary-choice","282","592000","0.0-3.0-279.0","sr3300","","[""img/14_food.jpg"",""img/14_food.jpg"",""img/22_food.jpg""]","false","14","22","true","280"
"943","80","binary-choice","283","593232","0.0-3.0-280.0","sr3300","","[""img/10_food.jpg"",""img/10_food.jpg"",""img/30_food.jpg""]","false","10","30","true","281"
"1129","81","binary-choice","284","595339","0.0-3.0-281.0","sr3300","","[""img/14_food.jpg"",""img/14_food.jpg"",""img/16_food.jpg""]","false","14","16","true","282"
"1653","81","binary-choice","285","597896","0.0-3.0-282.0","sr3300","","[""img/1_food.jpg"",""img/1_food.jpg"",""img/17_food.jpg""]","false","1","17","true","283"
"1255","81","binary-choice","286","599471","0.0-3.0-283.0","sr3300","","[""img/10_food.jpg"",""img/10_food.jpg"",""img/18_food.jpg""]","true","18","10","true","284"
"1972","81","binary-choice","287","602255","0.0-3.0-284.0","sr3300","","[""img/2_food.jpg"",""img/2_food.jpg"",""img/22_food.jpg""]","false","2","22","true","285"
"1051","80","binary-choice","288","603919","0.0-3.0-285.0","sr3300","","[""img/22_food.jpg"",""img/22_food.jpg"",""img/27_food.jpg""]","false","22","27","true","286"
"1262","81","binary-choice","289","605643","0.0-3.0-286.0","sr3300","","[""img/2_food.jpg"",""img/2_food.jpg"",""img/24_food.jpg""]","false","2","24","true","287"
"1039","81","binary-choice","290","607408","0.0-3.0-287.0","sr3300","","[""img/12_food.jpg"",""img/12_food.jpg"",""img/24_food.jpg""]","true","24","12","true","288"
"892","80","binary-choice","291","609103","0.0-3.0-288.0","sr3300","","[""img/12_food.jpg"",""img/12_food.jpg"",""img/29_food.jpg""]","true","29","12","true","289"
"697","80","binary-choice","292","610216","0.0-3.0-289.0","sr3300","","[""img/27_food.jpg"",""img/27_food.jpg"",""img/29_food.jpg""]","true","29","27","true","290"
"2135","81","binary-choice","293","612882","0.0-3.0-290.0","sr3300","","[""img/7_food.jpg"",""img/7_food.jpg"",""img/28_food.jpg""]","true","28","7","true","291"
"2520","80","binary-choice","294","616052","0.0-3.0-291.0","sr3300","","[""img/4_food.jpg"",""img/4_food.jpg"",""img/14_food.jpg""]","true","14","4","true","292"
"1483","80","binary-choice","295","618255","0.0-3.0-292.0","sr3300","","[""img/7_food.jpg"",""img/7_food.jpg"",""img/12_food.jpg""]","false","7","12","true","293"
"1162","80","binary-choice","296","619690","0.0-3.0-293.0","sr3300","","[""img/14_food.jpg"",""img/14_food.jpg"",""img/28_food.jpg""]","false","14","28","true","294"
"700","81","binary-choice","297","620967","0.0-3.0-294.0","sr3300","","[""img/3_food.jpg"",""img/3_food.jpg"",""img/28_food.jpg""]","true","28","3","true","295"
"1050","80","binary-choice","298","622350","0.0-3.0-295.0","sr3300","","[""img/24_food.jpg"",""img/24_food.jpg"",""img/30_food.jpg""]","false","24","30","true","296"
"1094","81","binary-choice","299","624065","0.0-3.0-296.0","sr3300","","[""img/13_food.jpg"",""img/13_food.jpg"",""img/29_food.jpg""]","false","13","29","true","297"
"942","80","binary-choice","300","625270","0.0-3.0-297.0","sr3300","","[""img/3_food.jpg"",""img/3_food.jpg"",""img/13_food.jpg""]","false","3","13","true","298"
"958","81","binary-choice","301","627186","0.0-3.0-298.0","sr3300","","[""img/2_food.jpg"",""img/2_food.jpg"",""img/13_food.jpg""]","true","13","2","true","299"
"1065","81","binary-choice","302","628727","0.0-3.0-299.0","sr3300","","[""img/14_food.jpg"",""img/14_food.jpg"",""img/30_food.jpg""]","true","30","14","true","300"
"1041","81","binary-choice","303","630167","0.0-3.0-300.0","sr3300","","[""img/8_food.jpg"",""img/8_food.jpg"",""img/29_food.jpg""]","false","8","29","true","301"
"1420","80","binary-choice","304","632566","0.0-3.0-301.0","sr3300","","[""img/14_food.jpg"",""img/14_food.jpg"",""img/26_food.jpg""]","false","14","26","true","302"
"1905","80","binary-choice","305","635414","0.0-3.0-302.0","sr3300","","[""img/10_food.jpg"",""img/10_food.jpg"",""img/26_food.jpg""]","false","10","26","true","303"
"1110","81","binary-choice","306","637451","0.0-3.0-303.0","sr3300","","[""img/8_food.jpg"",""img/8_food.jpg"",""img/10_food.jpg""]","true","10","8","true","304"
"1018","81","binary-choice","307","639326","0.0-3.0-304.0","sr3300","","[""img/22_food.jpg"",""img/22_food.jpg"",""img/30_food.jpg""]","true","30","22","true","305"
"1270","80","binary-choice","308","641551","0.0-3.0-305.0","sr3300","","[""img/1_food.jpg"",""img/1_food.jpg"",""img/26_food.jpg""]","false","1","26","true","306"
"1325","80","binary-choice","309","643695","0.0-3.0-306.0","sr3300","","[""img/2_food.jpg"",""img/2_food.jpg"",""img/27_food.jpg""]","false","2","27","true","307"
"1337","81","binary-choice","310","645894","0.0-3.0-307.0","sr3300","","[""img/4_food.jpg"",""img/4_food.jpg"",""img/26_food.jpg""]","true","26","4","true","308"
"1345","80","binary-choice","311","647739","0.0-3.0-308.0","sr3300","","[""img/7_food.jpg"",""img/7_food.jpg"",""img/24_food.jpg""]","false","7","24","true","309"
"1028","81","binary-choice","312","649094","0.0-3.0-309.0","sr3300","","[""img/8_food.jpg"",""img/8_food.jpg"",""img/20_food.jpg""]","true","20","8","true","310"
"1625","81","binary-choice","313","651438","0.0-3.0-310.0","sr3300","","[""img/27_food.jpg"",""img/27_food.jpg"",""img/30_food.jpg""]","false","27","30","true","311"
"1551","80","binary-choice","314","653984","0.0-3.0-311.0","sr3300","","[""img/6_food.jpg"",""img/6_food.jpg"",""img/12_food.jpg""]","false","6","12","true","312"
"889","81","binary-choice","315","655238","0.0-3.0-312.0","sr3300","","[""img/8_food.jpg"",""img/8_food.jpg"",""img/24_food.jpg""]","false","8","24","true","313"
"888","81","binary-choice","316","656902","0.0-3.0-313.0","sr3300","","[""img/13_food.jpg"",""img/13_food.jpg"",""img/16_food.jpg""]","false","13","16","true","314"
"804","80","binary-choice","317","658619","0.0-3.0-314.0","sr3300","","[""img/5_food.jpg"",""img/5_food.jpg"",""img/15_food.jpg""]","true","15","5","true","315"
"1600","81","binary-choice","318","661190","0.0-3.0-315.0","sr3300","","[""img/3_food.jpg"",""img/3_food.jpg"",""img/16_food.jpg""]","false","3","16","true","316"
"881","80","binary-choice","319","662894","0.0-3.0-316.0","sr3300","","[""img/9_food.jpg"",""img/9_food.jpg"",""img/19_food.jpg""]","true","19","9","true","317"
"756","81","binary-choice","320","664055","0.0-3.0-317.0","sr3300","","[""img/11_food.jpg"",""img/11_food.jpg"",""img/16_food.jpg""]","false","11","16","true","318"
"968","81","binary-choice","321","665725","0.0-3.0-318.0","sr3300","","[""img/12_food.jpg"",""img/12_food.jpg"",""img/22_food.jpg""]","false","12","22","true","319"
"761","80","binary-choice","322","667213","0.0-3.0-319.0","sr3300","","[""img/13_food.jpg"",""img/13_food.jpg"",""img/28_food.jpg""]","false","13","28","true","320"
"2543","80","binary-choice","323","670145","0.0-3.0-320.0","sr3300","","[""img/19_food.jpg"",""img/19_food.jpg"",""img/23_food.jpg""]","true","23","19","true","321"
"753","81","binary-choice","324","671717","0.0-3.0-321.0","sr3300","","[""img/16_food.jpg"",""img/16_food.jpg"",""img/19_food.jpg""]","true","19","16","true","322"
"1187","80","binary-choice","325","673629","0.0-3.0-322.0","sr3300","","[""img/4_food.jpg"",""img/4_food.jpg"",""img/13_food.jpg""]","false","4","13","true","323"
"661","81","binary-choice","326","674693","0.0-3.0-323.0","sr3300","","[""img/9_food.jpg"",""img/9_food.jpg"",""img/11_food.jpg""]","true","11","9","true","324"
"1047","81","binary-choice","327","676492","0.0-3.0-324.0","sr3300","","[""img/16_food.jpg"",""img/16_food.jpg"",""img/29_food.jpg""]","true","29","16","true","325"
"1113","81","binary-choice","328","678040","0.0-3.0-325.0","sr3300","","[""img/6_food.jpg"",""img/6_food.jpg"",""img/25_food.jpg""]","false","6","25","true","326"
"963","80","binary-choice","329","679301","0.0-3.0-326.0","sr3300","","[""img/16_food.jpg"",""img/16_food.jpg"",""img/23_food.jpg""]","false","16","23","true","327"
"2369","80","binary-choice","330","682290","0.0-3.0-327.0","sr3300","","[""img/10_food.jpg"",""img/10_food.jpg"",""img/28_food.jpg""]","true","28","10","true","328"
"1070","81","binary-choice","331","683901","0.0-3.0-328.0","sr3300","","[""img/14_food.jpg"",""img/14_food.jpg"",""img/26_food.jpg""]","true","26","14","true","329"
"1569","80","binary-choice","332","686061","0.0-3.0-329.0","sr3300","","[""img/12_food.jpg"",""img/12_food.jpg"",""img/23_food.jpg""]","false","12","23","true","330"
"1164","80","binary-choice","333","688013","0.0-3.0-330.0","sr3300","","[""img/15_food.jpg"",""img/15_food.jpg"",""img/30_food.jpg""]","false","15","30","true","331"
"1967","81","binary-choice","334","690949","0.0-3.0-331.0","sr3300","","[""img/1_food.jpg"",""img/1_food.jpg"",""img/27_food.jpg""]","true","27","1","true","332"
"1903","80","binary-choice","335","693464","0.0-3.0-332.0","sr3300","","[""img/7_food.jpg"",""img/7_food.jpg"",""img/12_food.jpg""]","false","7","12","true","333"
"916","81","binary-choice","336","695053","0.0-3.0-333.0","sr3300","","[""img/11_food.jpg"",""img/11_food.jpg"",""img/15_food.jpg""]","false","11","15","true","334"
"1083","80","binary-choice","337","696500","0.0-3.0-334.0","sr3300","","[""img/5_food.jpg"",""img/5_food.jpg"",""img/25_food.jpg""]","true","25","5","true","335"
"2793","81","binary-choice","338","699964","0.0-3.0-335.0","sr3300","","[""img/21_food.jpg"",""img/21_food.jpg"",""img/23_food.jpg""]","true","23","21","true","336"
"1773","81","binary-choice","339","702276","0.0-3.0-336.0","sr3300","","[""img/12_food.jpg"",""img/12_food.jpg"",""img/14_food.jpg""]","true","14","12","true","337"
"1977","81","binary-choice","340","705032","0.0-3.0-337.0","sr3300","","[""img/15_food.jpg"",""img/15_food.jpg"",""img/24_food.jpg""]","false","15","24","true","338"
"755","81","binary-choice","341","706652","0.0-3.0-338.0","sr3300","","[""img/9_food.jpg"",""img/9_food.jpg"",""img/23_food.jpg""]","false","9","23","true","339"
"714","81","binary-choice","342","708053","0.0-3.0-339.0","sr3300","","[""img/12_food.jpg"",""img/12_food.jpg"",""img/20_food.jpg""]","true","20","12","true","340"
"1172","81","binary-choice","343","709651","0.0-3.0-340.0","sr3300","","[""img/6_food.jpg"",""img/6_food.jpg"",""img/8_food.jpg""]","true","8","6","true","341"
"1137","81","binary-choice","344","711380","0.0-3.0-341.0","sr3300","","[""img/4_food.jpg"",""img/4_food.jpg"",""img/23_food.jpg""]","false","4","23","true","342"
"954","81","binary-choice","345","712620","0.0-3.0-342.0","sr3300","","[""img/17_food.jpg"",""img/17_food.jpg"",""img/27_food.jpg""]","true","27","17","true","343"
"1384","80","binary-choice","346","714757","0.0-3.0-343.0","sr3300","","[""img/7_food.jpg"",""img/7_food.jpg"",""img/17_food.jpg""]","false","7","17","true","344"
"1179","80","binary-choice","347","716935","0.0-3.0-344.0","sr3300","","[""img/7_food.jpg"",""img/7_food.jpg"",""img/19_food.jpg""]","false","7","19","true","345"
"3261","80","binary-choice","348","720525","0.0-3.0-345.0","sr3300","","[""img/6_food.jpg"",""img/6_food.jpg"",""img/21_food.jpg""]","false","6","21","true","346"
"1748","80","binary-choice","349","722788","0.0-3.0-346.0","sr3300","","[""img/18_food.jpg"",""img/18_food.jpg"",""img/29_food.jpg""]","true","29","18","true","347"
"881","80","binary-choice","350","724484","0.0-3.0-347.0","sr3300","","[""img/1_food.jpg"",""img/1_food.jpg"",""img/29_food.jpg""]","true","29","1","true","348"
"1433","80","binary-choice","351","726795","0.0-3.0-348.0","sr3300","","[""img/2_food.jpg"",""img/2_food.jpg"",""img/7_food.jpg""]","true","7","2","true","349"
"1439","80","binary-choice","352","728994","0.0-3.0-349.0","sr3300","","[""img/4_food.jpg"",""img/4_food.jpg"",""img/27_food.jpg""]","false","4","27","true","350"
"1973","81","binary-choice","353","731532","0.0-3.0-350.0","sr3300","","[""img/8_food.jpg"",""img/8_food.jpg"",""img/12_food.jpg""]","true","12","8","true","351"
"2465","81","binary-choice","354","734699","0.0-3.0-351.0","sr3300","","[""img/6_food.jpg"",""img/6_food.jpg"",""img/7_food.jpg""]","false","6","7","true","352"
"910","80","binary-choice","355","736140","0.0-3.0-352.0","sr3300","","[""img/5_food.jpg"",""img/5_food.jpg"",""img/18_food.jpg""]","false","5","18","true","353"
"971","80","binary-choice","356","737397","0.0-3.0-353.0","sr3300","","[""img/2_food.jpg"",""img/2_food.jpg"",""img/9_food.jpg""]","false","2","9","true","354"
"983","81","binary-choice","357","738907","0.0-3.0-354.0","sr3300","","[""img/12_food.jpg"",""img/12_food.jpg"",""img/22_food.jpg""]","false","12","22","true","355"
"1177","81","binary-choice","358","741019","0.0-3.0-355.0","sr3300","","[""img/14_food.jpg"",""img/14_food.jpg"",""img/23_food.jpg""]","false","14","23","true","356"
"1106","81","binary-choice","359","742748","0.0-3.0-356.0","sr3300","","[""img/15_food.jpg"",""img/15_food.jpg"",""img/16_food.jpg""]","false","15","16","true","357"
"1015","81","binary-choice","360","744523","0.0-3.0-357.0","sr3300","","[""img/2_food.jpg"",""img/2_food.jpg"",""img/30_food.jpg""]","true","30","2","true","358"
"1244","80","binary-choice","361","746403","0.0-3.0-358.0","sr3300","","[""img/22_food.jpg"",""img/22_food.jpg"",""img/29_food.jpg""]","true","29","22","true","359"
"895","81","binary-choice","362","748107","0.0-3.0-359.0","sr3300","","[""img/5_food.jpg"",""img/5_food.jpg"",""img/16_food.jpg""]","false","5","16","true","360"
"786","81","binary-choice","363","749539","0.0-3.0-360.0","sr3300","","[""img/18_food.jpg"",""img/18_food.jpg"",""img/27_food.jpg""]","false","18","27","true","361"
"974","81","binary-choice","364","751368","0.0-3.0-361.0","sr3300","","[""img/2_food.jpg"",""img/2_food.jpg"",""img/6_food.jpg""]","false","2","6","true","362"
"682","80","binary-choice","365","752771","0.0-3.0-362.0","sr3300","","[""img/12_food.jpg"",""img/12_food.jpg"",""img/18_food.jpg""]","false","12","18","true","363"
"1238","80","binary-choice","366","754933","0.0-3.0-363.0","sr3300","","[""img/5_food.jpg"",""img/5_food.jpg"",""img/27_food.jpg""]","false","5","27","true","364"
"1392","80","binary-choice","367","757219","0.0-3.0-364.0","sr3300","","[""img/2_food.jpg"",""img/2_food.jpg"",""img/17_food.jpg""]","false","2","17","true","365"
"1212","81","binary-choice","368","759134","0.0-3.0-365.0","sr3300","","[""img/4_food.jpg"",""img/4_food.jpg"",""img/6_food.jpg""]","false","4","6","true","366"
"2240","81","binary-choice","369","761703","0.0-3.0-366.0","sr3300","","[""img/3_food.jpg"",""img/3_food.jpg"",""img/13_food.jpg""]","true","13","3","true","367"
"742","81","binary-choice","370","763338","0.0-3.0-367.0","sr3300","","[""img/9_food.jpg"",""img/9_food.jpg"",""img/21_food.jpg""]","false","9","21","true","368"
"1266","80","binary-choice","371","764986","0.0-3.0-368.0","sr3300","","[""img/25_food.jpg"",""img/25_food.jpg"",""img/30_food.jpg""]","false","25","30","true","369"
"2131","80","binary-choice","372","767778","0.0-3.0-369.0","sr3300","","[""img/5_food.jpg"",""img/5_food.jpg"",""img/18_food.jpg""]","false","5","18","true","370"
"1032","80","binary-choice","373","769668","0.0-3.0-370.0","sr3300","","[""img/4_food.jpg"",""img/4_food.jpg"",""img/28_food.jpg""]","false","4","28","true","371"
"978","80","binary-choice","374","771442","0.0-3.0-371.0","sr3300","","[""img/13_food.jpg"",""img/13_food.jpg"",""img/21_food.jpg""]","true","21","13","true","372"
"1010","80","binary-choice","375","772736","0.0-3.0-372.0","sr3300","","[""img/16_food.jpg"",""img/16_food.jpg"",""img/21_food.jpg""]","false","16","21","true","373"
"780","80","binary-choice","376","773858","0.0-3.0-373.0","sr3300","","[""img/18_food.jpg"",""img/18_food.jpg"",""img/22_food.jpg""]","true","22","18","true","374"
"836","81","binary-choice","377","775522","0.0-3.0-374.0","sr3300","","[""img/19_food.jpg"",""img/19_food.jpg"",""img/28_food.jpg""]","true","28","19","true","375"
"824","81","binary-choice","378","776668","0.0-3.0-375.0","sr3300","","[""img/11_food.jpg"",""img/11_food.jpg"",""img/22_food.jpg""]","false","11","22","true","376"
"957","81","binary-choice","379","778089","0.0-3.0-376.0","sr3300","","[""img/7_food.jpg"",""img/7_food.jpg"",""img/14_food.jpg""]","true","14","7","true","377"
"1021","81","binary-choice","380","779529","0.0-3.0-377.0","sr3300","","[""img/2_food.jpg"",""img/2_food.jpg"",""img/29_food.jpg""]","false","2","29","true","378"
"926","81","binary-choice","381","780898","0.0-3.0-378.0","sr3300","","[""img/2_food.jpg"",""img/2_food.jpg"",""img/5_food.jpg""]","true","5","2","true","379"
"1135","80","binary-choice","382","782401","0.0-3.0-379.0","sr3300","","[""img/20_food.jpg"",""img/20_food.jpg"",""img/23_food.jpg""]","true","23","20","true","380"
"1851","80","binary-choice","383","784558","0.0-3.0-380.0","sr3300","","[""img/1_food.jpg"",""img/1_food.jpg"",""img/30_food.jpg""]","false","1","30","true","381"
"805","81","binary-choice","384","785988","0.0-3.0-381.0","sr3300","","[""img/16_food.jpg"",""img/16_food.jpg"",""img/27_food.jpg""]","true","27","16","true","382"
"885","81","binary-choice","385","787635","0.0-3.0-382.0","sr3300","","[""img/3_food.jpg"",""img/3_food.jpg"",""img/17_food.jpg""]","true","17","3","true","383"
"752","80","binary-choice","386","788946","0.0-3.0-383.0","sr3300","","[""img/6_food.jpg"",""img/6_food.jpg"",""img/16_food.jpg""]","true","16","6","true","384"
"993","81","binary-choice","387","790482","0.0-3.0-384.0","sr3300","","[""img/7_food.jpg"",""img/7_food.jpg"",""img/21_food.jpg""]","false","7","21","true","385"
"988","80","binary-choice","388","791905","0.0-3.0-385.0","sr3300","","[""img/24_food.jpg"",""img/24_food.jpg"",""img/28_food.jpg""]","false","24","28","true","386"
"1130","81","binary-choice","389","793473","0.0-3.0-386.0","sr3300","","[""img/17_food.jpg"",""img/17_food.jpg"",""img/26_food.jpg""]","true","26","17","true","387"
"1060","80","binary-choice","390","795341","0.0-3.0-387.0","sr3300","","[""img/2_food.jpg"",""img/2_food.jpg"",""img/24_food.jpg""]","true","24","2","true","388"
"567","80","binary-choice","391","796473","0.0-3.0-388.0","sr3300","","[""img/9_food.jpg"",""img/9_food.jpg"",""img/17_food.jpg""]","true","17","9","true","389"
"986","80","binary-choice","392","798361","0.0-3.0-389.0","sr3300","","[""img/28_food.jpg"",""img/28_food.jpg"",""img/30_food.jpg""]","false","28","30","true","390"
"1369","81","binary-choice","393","800617","0.0-3.0-390.0","sr3300","","[""img/20_food.jpg"",""img/20_food.jpg"",""img/23_food.jpg""]","false","20","23","true","391"
"823","81","binary-choice","394","802386","0.0-3.0-391.0","sr3300","","[""img/9_food.jpg"",""img/9_food.jpg"",""img/14_food.jpg""]","false","9","14","true","392"
"1047","80","binary-choice","395","803873","0.0-3.0-392.0","sr3300","","[""img/27_food.jpg"",""img/27_food.jpg"",""img/28_food.jpg""]","true","28","27","true","393"
"1052","80","binary-choice","396","805733","0.0-3.0-393.0","sr3300","","[""img/14_food.jpg"",""img/14_food.jpg"",""img/17_food.jpg""]","false","14","17","true","394"
"842","81","binary-choice","397","806970","0.0-3.0-394.0","sr3300","","[""img/5_food.jpg"",""img/5_food.jpg"",""img/20_food.jpg""]","false","5","20","true","395"
"1154","80","binary-choice","398","808657","0.0-3.0-395.0","sr3300","","[""img/17_food.jpg"",""img/17_food.jpg"",""img/30_food.jpg""]","false","17","30","true","396"
"875","80","binary-choice","399","810049","0.0-3.0-396.0","sr3300","","[""img/15_food.jpg"",""img/15_food.jpg"",""img/16_food.jpg""]","true","16","15","true","397"
"645","80","binary-choice","400","811265","0.0-3.0-397.0","sr3300","","[""img/20_food.jpg"",""img/20_food.jpg"",""img/21_food.jpg""]","true","21","20","true","398"
"1504","80","binary-choice","401","813457","0.0-3.0-398.0","sr3300","","[""img/3_food.jpg"",""img/3_food.jpg"",""img/21_food.jpg""]","false","3","21","true","399"
"890","81","binary-choice","402","815193","0.0-3.0-399.0","sr3300","","[""img/4_food.jpg"",""img/4_food.jpg"",""img/10_food.jpg""]","true","10","4","true","400"
"767","81","binary-choice","403","816727","0.0-3.0-400.0","sr3300","","[""img/1_food.jpg"",""img/1_food.jpg"",""img/17_food.jpg""]","false","1","17","true","401"
"861","81","binary-choice","404","818337","0.0-3.0-401.0","sr3300","","[""img/12_food.jpg"",""img/12_food.jpg"",""img/17_food.jpg""]","true","17","12","true","402"
"2862","81","binary-choice","405","821736","0.0-3.0-402.0","sr3300","","[""img/4_food.jpg"",""img/4_food.jpg"",""img/25_food.jpg""]","false","4","25","true","403"
"2135","80","binary-choice","406","824536","0.0-3.0-403.0","sr3300","","[""img/17_food.jpg"",""img/17_food.jpg"",""img/18_food.jpg""]","false","17","18","true","404"
"1059","81","binary-choice","407","826593","0.0-3.0-404.0","sr3300","","[""img/4_food.jpg"",""img/4_food.jpg"",""img/27_food.jpg""]","true","27","4","true","405"
"861","81","binary-choice","408","828422","0.0-3.0-405.0","sr3300","","[""img/23_food.jpg"",""img/23_food.jpg"",""img/30_food.jpg""]","true","30","23","true","406"
"954","81","binary-choice","409","829700","0.0-3.0-406.0","sr3300","","[""img/19_food.jpg"",""img/19_food.jpg"",""img/22_food.jpg""]","false","19","22","true","407"
"1455","81","binary-choice","410","832088","0.0-3.0-407.0","sr3300","","[""img/2_food.jpg"",""img/2_food.jpg"",""img/19_food.jpg""]","false","2","19","true","408"
"1527","80","binary-choice","411","834520","0.0-3.0-408.0","sr3300","","[""img/6_food.jpg"",""img/6_food.jpg"",""img/29_food.jpg""]","false","6","29","true","409"
"777","80","binary-choice","412","835672","0.0-3.0-409.0","sr3300","","[""img/11_food.jpg"",""img/11_food.jpg"",""img/23_food.jpg""]","true","23","11","true","410"
"1124","81","binary-choice","413","837320","0.0-3.0-410.0","sr3300","","[""img/8_food.jpg"",""img/8_food.jpg"",""img/22_food.jpg""]","false","8","22","true","411"
"1174","80","binary-choice","414","839180","0.0-3.0-411.0","sr3300","","[""img/24_food.jpg"",""img/24_food.jpg"",""img/26_food.jpg""]","false","24","26","true","412"
"1132","81","binary-choice","415","841128","0.0-3.0-412.0","sr3300","","[""img/7_food.jpg"",""img/7_food.jpg"",""img/22_food.jpg""]","true","22","7","true","413"
"955","81","binary-choice","416","843040","0.0-3.0-413.0","sr3300","","[""img/10_food.jpg"",""img/10_food.jpg"",""img/25_food.jpg""]","false","10","25","true","414"
"1190","81","binary-choice","417","844720","0.0-3.0-414.0","sr3300","","[""img/4_food.jpg"",""img/4_food.jpg"",""img/5_food.jpg""]","false","4","5","true","415"
"681","81","binary-choice","418","845896","0.0-3.0-415.0","sr3300","","[""img/21_food.jpg"",""img/21_food.jpg"",""img/26_food.jpg""]","true","26","21","true","416"
"1952","81","binary-choice","419","848247","0.0-3.0-416.0","sr3300","","[""img/9_food.jpg"",""img/9_food.jpg"",""img/26_food.jpg""]","true","26","9","true","417"
"1269","81","binary-choice","420","850187","0.0-3.0-417.0","sr3300","","[""img/8_food.jpg"",""img/8_food.jpg"",""img/14_food.jpg""]","true","14","8","true","418"
"1930","80","binary-choice","421","852383","0.0-3.0-418.0","sr3300","","[""img/7_food.jpg"",""img/7_food.jpg"",""img/27_food.jpg""]","false","7","27","true","419"
"912","81","binary-choice","422","853945","0.0-3.0-419.0","sr3300","","[""img/21_food.jpg"",""img/21_food.jpg"",""img/30_food.jpg""]","true","30","21","true","420"
"1442","81","binary-choice","423","856161","0.0-3.0-420.0","sr3300","","[""img/19_food.jpg"",""img/19_food.jpg"",""img/21_food.jpg""]","true","21","19","true","421"
"876","81","binary-choice","424","857552","0.0-3.0-421.0","sr3300","","[""img/14_food.jpg"",""img/14_food.jpg"",""img/30_food.jpg""]","true","30","14","true","422"
"1627","80","binary-choice","425","859536","0.0-3.0-422.0","sr3300","","[""img/8_food.jpg"",""img/8_food.jpg"",""img/21_food.jpg""]","true","21","8","true","423"
"1610","80","binary-choice","426","861534","0.0-3.0-423.0","sr3300","","[""img/12_food.jpg"",""img/12_food.jpg"",""img/15_food.jpg""]","true","15","12","true","424"
"1302","80","binary-choice","427","863383","0.0-3.0-424.0","sr3300","","[""img/2_food.jpg"",""img/2_food.jpg"",""img/23_food.jpg""]","false","2","23","true","425"
"1270","81","binary-choice","428","864992","0.0-3.0-425.0","sr3300","","[""img/3_food.jpg"",""img/3_food.jpg"",""img/23_food.jpg""]","true","23","3","true","426"
"921","80","binary-choice","429","866687","0.0-3.0-426.0","sr3300","","[""img/1_food.jpg"",""img/1_food.jpg"",""img/11_food.jpg""]","false","1","11","true","427"
"1161","80","binary-choice","430","868447","0.0-3.0-427.0","sr3300","","[""img/2_food.jpg"",""img/2_food.jpg"",""img/4_food.jpg""]","false","2","4","true","428"
"1173","81","binary-choice","431","870440","0.0-3.0-428.0","sr3300","","[""img/5_food.jpg"",""img/5_food.jpg"",""img/24_food.jpg""]","false","5","24","true","429"
"1368","80","binary-choice","432","872204","0.0-3.0-429.0","sr3300","","[""img/6_food.jpg"",""img/6_food.jpg"",""img/22_food.jpg""]","false","6","22","true","430"
"1559","80","binary-choice","433","874326","0.0-3.0-430.0","sr3300","","[""img/6_food.jpg"",""img/6_food.jpg"",""img/14_food.jpg""]","false","6","14","true","431"
"782","80","binary-choice","434","875519","0.0-3.0-431.0","sr3300","","[""img/14_food.jpg"",""img/14_food.jpg"",""img/25_food.jpg""]","true","25","14","true","432"
"954","81","binary-choice","435","877472","0.0-3.0-432.0","sr3300","","[""img/3_food.jpg"",""img/3_food.jpg"",""img/12_food.jpg""]","true","12","3","true","433"
"785","80","binary-choice","436","878775","0.0-3.0-433.0","sr3300","","[""img/3_food.jpg"",""img/3_food.jpg"",""img/8_food.jpg""]","false","3","8","true","434"
"722","80","binary-choice","437","879855","0.0-3.0-434.0","sr3300","","[""img/23_food.jpg"",""img/23_food.jpg"",""img/27_food.jpg""]","false","23","27","true","435"
"881","80","binary-choice","438","881343","0.0-3.0-435.0","sr3300","","[""img/22_food.jpg"",""img/22_food.jpg"",""img/28_food.jpg""]","true","28","22","true","436"
"1058","81","binary-choice","439","882802","0.0-3.0-436.0","sr3300","","[""img/7_food.jpg"",""img/7_food.jpg"",""img/9_food.jpg""]","true","9","7","true","437"
"1730","80","binary-choice","440","885479","0.0-3.0-437.0","sr3300","","[""img/4_food.jpg"",""img/4_food.jpg"",""img/20_food.jpg""]","false","4","20","true","438"
"576","80","binary-choice","441","887022","0.0-3.0-438.0","sr3300","","[""img/4_food.jpg"",""img/4_food.jpg"",""img/21_food.jpg""]","true","21","4","true","439"
"607","80","binary-choice","442","887888","0.0-3.0-439.0","sr3300","","[""img/11_food.jpg"",""img/11_food.jpg"",""img/22_food.jpg""]","true","22","11","true","440"
"685","81","binary-choice","443","888919","0.0-3.0-440.0","sr3300","","[""img/16_food.jpg"",""img/16_food.jpg"",""img/28_food.jpg""]","true","28","16","true","441"
"570","80","binary-choice","444","890278","0.0-3.0-441.0","sr3300","","[""img/11_food.jpg"",""img/11_food.jpg"",""img/27_food.jpg""]","true","27","11","true","442"
"639","80","binary-choice","445","891247","0.0-3.0-442.0","sr3300","","[""img/2_food.jpg"",""img/2_food.jpg"",""img/11_food.jpg""]","false","2","11","true","443"
"600","81","binary-choice","446","892175","0.0-3.0-443.0","sr3300","","[""img/11_food.jpg"",""img/11_food.jpg"",""img/21_food.jpg""]","false","11","21","true","444"
"1122","81","binary-choice","447","893619","0.0-3.0-444.0","sr3300","","[""img/3_food.jpg"",""img/3_food.jpg"",""img/15_food.jpg""]","true","15","3","true","445"
"1040","80","binary-choice","448","895286","0.0-3.0-445.0","sr3300","","[""img/13_food.jpg"",""img/13_food.jpg"",""img/15_food.jpg""]","true","15","13","true","446"
"1255","81","binary-choice","449","897374","0.0-3.0-446.0","sr3300","","[""img/6_food.jpg"",""img/6_food.jpg"",""img/24_food.jpg""]","false","6","24","true","447"
"950","81","binary-choice","450","899038","0.0-3.0-447.0","sr3300","","[""img/9_food.jpg"",""img/9_food.jpg"",""img/12_food.jpg""]","false","9","12","true","448"
"949","81","binary-choice","451","900430","0.0-3.0-448.0","sr3300","","[""img/24_food.jpg"",""img/24_food.jpg"",""img/30_food.jpg""]","true","30","24","true","449"
"920","81","binary-choice","452","902046","0.0-3.0-449.0","sr3300","","[""img/8_food.jpg"",""img/8_food.jpg"",""img/9_food.jpg""]","true","9","8","true","450"
"870","81","binary-choice","453","903746","0.0-3.0-450.0","sr3300","","[""img/1_food.jpg"",""img/1_food.jpg"",""img/5_food.jpg""]","false","1","5","true","451"
"954","81","binary-choice","454","905079","0.0-3.0-451.0","sr3300","","[""img/16_food.jpg"",""img/16_food.jpg"",""img/20_food.jpg""]","true","20","16","true","452"
"1058","80","binary-choice","455","906590","0.0-3.0-452.0","sr3300","","[""img/5_food.jpg"",""img/5_food.jpg"",""img/12_food.jpg""]","true","12","5","true","453"
"604","80","binary-choice","456","907846","0.0-3.0-453.0","sr3300","","[""img/18_food.jpg"",""img/18_food.jpg"",""img/23_food.jpg""]","true","23","18","true","454"
"678","80","binary-choice","457","909519","0.0-3.0-454.0","sr3300","","[""img/5_food.jpg"",""img/5_food.jpg"",""img/17_food.jpg""]","false","5","17","true","455"
"640","80","binary-choice","458","910470","0.0-3.0-455.0","sr3300","","[""img/1_food.jpg"",""img/1_food.jpg"",""img/13_food.jpg""]","true","13","1","true","456"
"1515","81","binary-choice","459","912942","0.0-3.0-456.0","sr3300","","[""img/2_food.jpg"",""img/2_food.jpg"",""img/19_food.jpg""]","true","19","2","true","457"
"841","81","binary-choice","460","914073","0.0-3.0-457.0","sr3300","","[""img/2_food.jpg"",""img/2_food.jpg"",""img/10_food.jpg""]","true","10","2","true","458"
"661","80","binary-choice","461","915525","0.0-3.0-458.0","sr3300","","[""img/7_food.jpg"",""img/7_food.jpg"",""img/20_food.jpg""]","false","7","20","true","459"
"1124","81","binary-choice","462","917341","0.0-3.0-459.0","sr3300","","[""img/21_food.jpg"",""img/21_food.jpg"",""img/25_food.jpg""]","false","21","25","true","460"
"1055","80","binary-choice","463","918782","0.0-3.0-460.0","sr3300","","[""img/3_food.jpg"",""img/3_food.jpg"",""img/22_food.jpg""]","false","3","22","true","461"
"706","80","binary-choice","464","919957","0.0-3.0-461.0","sr3300","","[""img/24_food.jpg"",""img/24_food.jpg"",""img/28_food.jpg""]","false","24","28","true","462"
"867","81","binary-choice","465","921662","0.0-3.0-462.0","sr3300","","[""img/12_food.jpg"",""img/12_food.jpg"",""img/18_food.jpg""]","true","18","12","true","463"
"889","81","binary-choice","466","922861","0.0-3.0-463.0","sr3300","","[""img/6_food.jpg"",""img/6_food.jpg"",""img/10_food.jpg""]","true","10","6","true","464"
"651","80","binary-choice","467","924377","0.0-3.0-464.0","sr3300","","[""img/1_food.jpg"",""img/1_food.jpg"",""img/18_food.jpg""]","false","1","18","true","465"
"978","81","binary-choice","468","925680","0.0-3.0-465.0","sr3300","","[""img/16_food.jpg"",""img/16_food.jpg"",""img/24_food.jpg""]","true","24","16","true","466"
"2539","81","binary-choice","469","929173","0.0-3.0-466.0","sr3300","","[""img/7_food.jpg"",""img/7_food.jpg"",""img/21_food.jpg""]","false","7","21","true","467"
"552","80","binary-choice","470","930541","0.0-3.0-467.0","sr3300","","[""img/11_food.jpg"",""img/11_food.jpg"",""img/18_food.jpg""]","true","18","11","true","468"
"1255","81","binary-choice","471","932117","0.0-3.0-468.0","sr3300","","[""img/19_food.jpg"",""img/19_food.jpg"",""img/23_food.jpg""]","true","23","19","true","469"
"750","80","binary-choice","472","933646","0.0-3.0-469.0","sr3300","","[""img/10_food.jpg"",""img/10_food.jpg"",""img/27_food.jpg""]","true","27","10","true","470"
"787","80","binary-choice","473","935267","0.0-3.0-470.0","sr3300","","[""img/4_food.jpg"",""img/4_food.jpg"",""img/25_food.jpg""]","true","25","4","true","471"
"816","80","binary-choice","474","936357","0.0-3.0-471.0","sr3300","","[""img/15_food.jpg"",""img/15_food.jpg"",""img/17_food.jpg""]","false","15","17","true","472"
"713","81","binary-choice","475","937342","0.0-3.0-472.0","sr3300","","[""img/29_food.jpg"",""img/29_food.jpg"",""img/30_food.jpg""]","true","30","29","true","473"
"859","80","binary-choice","476","939028","0.0-3.0-473.0","sr3300","","[""img/2_food.jpg"",""img/2_food.jpg"",""img/5_food.jpg""]","false","2","5","true","474"
"999","81","binary-choice","477","940440","0.0-3.0-474.0","sr3300","","[""img/11_food.jpg"",""img/11_food.jpg"",""img/28_food.jpg""]","false","11","28","true","475"
"1031","81","binary-choice","478","942461","0.0-3.0-475.0","sr3300","","[""img/19_food.jpg"",""img/19_food.jpg"",""img/29_food.jpg""]","false","19","29","true","476"
"889","81","binary-choice","479","943813","0.0-3.0-476.0","sr3300","","[""img/13_food.jpg"",""img/13_food.jpg"",""img/14_food.jpg""]","false","13","14","true","477"
"1205","81","binary-choice","480","945432","0.0-3.0-477.0","sr3300","","[""img/5_food.jpg"",""img/5_food.jpg"",""img/28_food.jpg""]","true","28","5","true","478"
"1639","81","binary-choice","481","947477","0.0-3.0-478.0","sr3300","","[""img/15_food.jpg"",""img/15_food.jpg"",""img/21_food.jpg""]","false","15","21","true","479"
"1023","80","binary-choice","482","949413","0.0-3.0-479.0","sr3300","","[""img/1_food.jpg"",""img/1_food.jpg"",""img/28_food.jpg""]","true","28","1","true","480"
"923","80","binary-choice","483","951316","0.0-3.0-480.0","sr3300","","[""img/3_food.jpg"",""img/3_food.jpg"",""img/24_food.jpg""]","false","3","24","true","481"
"995","81","binary-choice","484","953149","0.0-3.0-481.0","sr3300","","[""img/26_food.jpg"",""img/26_food.jpg"",""img/28_food.jpg""]","false","26","28","true","482"
"855","80","binary-choice","485","954444","0.0-3.0-482.0","sr3300","","[""img/9_food.jpg"",""img/9_food.jpg"",""img/22_food.jpg""]","true","22","9","true","483"
"592","80","binary-choice","486","956032","0.0-3.0-483.0","sr3300","","[""img/10_food.jpg"",""img/10_food.jpg"",""img/12_food.jpg""]","true","12","10","true","484"
"1180","80","binary-choice","487","957628","0.0-3.0-484.0","sr3300","","[""img/8_food.jpg"",""img/8_food.jpg"",""img/23_food.jpg""]","true","23","8","true","485"
"864","81","binary-choice","488","959131","0.0-3.0-485.0","sr3300","","[""img/5_food.jpg"",""img/5_food.jpg"",""img/13_food.jpg""]","true","13","5","true","486"
"787","81","binary-choice","489","960709","0.0-3.0-486.0","sr3300","","[""img/15_food.jpg"",""img/15_food.jpg"",""img/20_food.jpg""]","true","20","15","true","487"
"696","81","binary-choice","490","962252","0.0-3.0-487.0","sr3300","","[""img/1_food.jpg"",""img/1_food.jpg"",""img/16_food.jpg""]","false","1","16","true","488"
"780","81","binary-choice","491","963343","0.0-3.0-488.0","sr3300","","[""img/10_food.jpg"",""img/10_food.jpg"",""img/29_food.jpg""]","false","10","29","true","489"
"1858","80","binary-choice","492","965564","0.0-3.0-489.0","sr3300","","[""img/4_food.jpg"",""img/4_food.jpg"",""img/8_food.jpg""]","true","8","4","true","490"
"681","80","binary-choice","493","967240","0.0-3.0-490.0","sr3300","","[""img/23_food.jpg"",""img/23_food.jpg"",""img/27_food.jpg""]","false","23","27","true","491"
"1167","80","binary-choice","494","968972","0.0-3.0-491.0","sr3300","","[""img/23_food.jpg"",""img/23_food.jpg"",""img/24_food.jpg""]","true","24","23","true","492"
"960","81","binary-choice","495","970188","0.0-3.0-492.0","sr3300","","[""img/8_food.jpg"",""img/8_food.jpg"",""img/25_food.jpg""]","false","8","25","true","493"
"2270","80","binary-choice","496","973372","0.0-3.0-493.0","sr3300","","[""img/16_food.jpg"",""img/16_food.jpg"",""img/24_food.jpg""]","false","16","24","true","494"
"3207","80","binary-choice","497","977421","0.0-3.0-494.0","sr3300","","[""img/13_food.jpg"",""img/13_food.jpg"",""img/28_food.jpg""]","true","28","13","true","495"
"808","81","binary-choice","498","978568","0.0-3.0-495.0","sr3300","","[""img/14_food.jpg"",""img/14_food.jpg"",""img/18_food.jpg""]","true","18","14","true","496"
"919","81","binary-choice","499","980488","0.0-3.0-496.0","sr3300","","[""img/12_food.jpg"",""img/12_food.jpg"",""img/30_food.jpg""]","true","30","12","true","497"
"781","80","binary-choice","500","982032","0.0-3.0-497.0","sr3300","","[""img/6_food.jpg"",""img/6_food.jpg"",""img/10_food.jpg""]","false","6","10","true","498"
"1252","81","binary-choice","501","983719","0.0-3.0-498.0","sr3300","","[""img/17_food.jpg"",""img/17_food.jpg"",""img/22_food.jpg""]","false","17","22","true","499"
"1007","80","binary-choice","502","985360","0.0-3.0-499.0","sr3300","","[""img/5_food.jpg"",""img/5_food.jpg"",""img/21_food.jpg""]","true","21","5","true","500"
"1569","81","binary-choice","503","987867","0.0-3.0-500.0","sr3300","","[""img/8_food.jpg"",""img/8_food.jpg"",""img/20_food.jpg""]","true","20","8","true","501"
"670","80","binary-choice","504","989207","0.0-3.0-501.0","sr3300","","[""img/23_food.jpg"",""img/23_food.jpg"",""img/25_food.jpg""]","true","25","23","true","502"
"1554","80","binary-choice","505","991072","0.0-3.0-502.0","sr3300","","[""img/3_food.jpg"",""img/3_food.jpg"",""img/29_food.jpg""]","true","29","3","true","503"
"1208","81","binary-choice","506","992999","0.0-3.0-503.0","sr3300","","[""img/15_food.jpg"",""img/15_food.jpg"",""img/21_food.jpg""]","false","15","21","true","504"
"1270","80","binary-choice","507","995135","0.0-3.0-504.0","sr3300","","[""img/4_food.jpg"",""img/4_food.jpg"",""img/8_food.jpg""]","true","8","4","true","505"
"1073","81","binary-choice","508","996959","0.0-3.0-505.0","sr3300","","[""img/12_food.jpg"",""img/12_food.jpg"",""img/28_food.jpg""]","true","28","12","true","506"
"1563","80","binary-choice","509","998789","0.0-3.0-506.0","sr3300","","[""img/19_food.jpg"",""img/19_food.jpg"",""img/25_food.jpg""]","true","25","19","true","507"
"1217","81","binary-choice","510","1000312","0.0-3.0-507.0","sr3300","","[""img/7_food.jpg"",""img/7_food.jpg"",""img/30_food.jpg""]","true","30","7","true","508"
"634","80","binary-choice","511","1001311","0.0-3.0-508.0","sr3300","","[""img/1_food.jpg"",""img/1_food.jpg"",""img/23_food.jpg""]","true","23","1","true","509"
"1130","81","binary-choice","512","1003207","0.0-3.0-509.0","sr3300","","[""img/12_food.jpg"",""img/12_food.jpg"",""img/27_food.jpg""]","true","27","12","true","510"
"1156","81","binary-choice","513","1004871","0.0-3.0-510.0","sr3300","","[""img/12_food.jpg"",""img/12_food.jpg"",""img/13_food.jpg""]","true","13","12","true","511"
"11506","81","binary-choice","514","1017330","0.0-3.0-511.0","sr3300","","[""img/10_food.jpg"",""img/10_food.jpg"",""img/15_food.jpg""]","false","10","15","true","512"
"792","80","binary-choice","515","1018838","0.0-3.0-512.0","sr3300","","[""img/6_food.jpg"",""img/6_food.jpg"",""img/18_food.jpg""]","false","6","18","true","513"
"829","80","binary-choice","516","1020246","0.0-3.0-513.0","sr3300","","[""img/1_food.jpg"",""img/1_food.jpg"",""img/2_food.jpg""]","true","2","1","true","514"
"1104","80","binary-choice","517","1022046","0.0-3.0-514.0","sr3300","","[""img/11_food.jpg"",""img/11_food.jpg"",""img/18_food.jpg""]","false","11","18","true","515"
"1170","80","binary-choice","518","1023718","0.0-3.0-515.0","sr3300","","[""img/22_food.jpg"",""img/22_food.jpg"",""img/23_food.jpg""]","true","23","22","true","516"
"610","81","binary-choice","519","1025014","0.0-3.0-516.0","sr3300","","[""img/11_food.jpg"",""img/11_food.jpg"",""img/19_food.jpg""]","false","11","19","true","517"
"1013","80","binary-choice","520","1026353","0.0-3.0-517.0","sr3300","","[""img/26_food.jpg"",""img/26_food.jpg"",""img/28_food.jpg""]","true","28","26","true","518"
"532","80","binary-choice","521","1027572","0.0-3.0-518.0","sr3300","","[""img/17_food.jpg"",""img/17_food.jpg"",""img/28_food.jpg""]","false","17","28","true","519"
"872","81","binary-choice","522","1029053","0.0-3.0-519.0","sr3300","","[""img/13_food.jpg"",""img/13_food.jpg"",""img/16_food.jpg""]","false","13","16","true","520"
"1512","81","binary-choice","523","1031526","0.0-3.0-520.0","sr3300","","[""img/13_food.jpg"",""img/13_food.jpg"",""img/26_food.jpg""]","true","26","13","true","521"
"1320","80","binary-choice","524","1033353","0.0-3.0-521.0","sr3300","","[""img/2_food.jpg"",""img/2_food.jpg"",""img/25_food.jpg""]","true","25","2","true","522"
"703","80","binary-choice","525","1034337","0.0-3.0-522.0","sr3300","","[""img/3_food.jpg"",""img/3_food.jpg"",""img/11_food.jpg""]","false","3","11","true","523"
"856","81","binary-choice","526","1035895","0.0-3.0-523.0","sr3300","","[""img/11_food.jpg"",""img/11_food.jpg"",""img/26_food.jpg""]","false","11","26","true","524"
"825","81","binary-choice","527","1037166","0.0-3.0-524.0","sr3300","","[""img/1_food.jpg"",""img/1_food.jpg"",""img/21_food.jpg""]","false","1","21","true","525"
"782","80","binary-choice","528","1038545","0.0-3.0-525.0","sr3300","","[""img/11_food.jpg"",""img/11_food.jpg"",""img/26_food.jpg""]","true","26","11","true","526"
"766","81","binary-choice","529","1039965","0.0-3.0-526.0","sr3300","","[""img/18_food.jpg"",""img/18_food.jpg"",""img/20_food.jpg""]","false","18","20","true","527"
"1016","81","binary-choice","530","1041774","0.0-3.0-527.0","sr3300","","[""img/5_food.jpg"",""img/5_food.jpg"",""img/26_food.jpg""]","true","26","5","true","528"
"990","80","binary-choice","531","1043182","0.0-3.0-528.0","sr3300","","[""img/20_food.jpg"",""img/20_food.jpg"",""img/22_food.jpg""]","true","22","20","true","529"
"759","81","binary-choice","532","1044565","0.0-3.0-529.0","sr3300","","[""img/15_food.jpg"",""img/15_food.jpg"",""img/17_food.jpg""]","true","17","15","true","530"
"827","80","binary-choice","533","1046166","0.0-3.0-530.0","sr3300","","[""img/21_food.jpg"",""img/21_food.jpg"",""img/28_food.jpg""]","false","21","28","true","531"
"1529","81","binary-choice","534","1048254","0.0-3.0-531.0","sr3300","","[""img/3_food.jpg"",""img/3_food.jpg"",""img/6_food.jpg""]","true","6","3","true","532"
"1040","81","binary-choice","535","1050018","0.0-3.0-532.0","sr3300","","[""img/6_food.jpg"",""img/6_food.jpg"",""img/29_food.jpg""]","false","6","29","true","533"
"723","81","binary-choice","536","1051678","0.0-3.0-533.0","sr3300","","[""img/11_food.jpg"",""img/11_food.jpg"",""img/24_food.jpg""]","false","11","24","true","534"
"1885","81","binary-choice","537","1054127","0.0-3.0-534.0","sr3300","","[""img/6_food.jpg"",""img/6_food.jpg"",""img/15_food.jpg""]","true","15","6","true","535"
"824","81","binary-choice","538","1055781","0.0-3.0-535.0","sr3300","","[""img/2_food.jpg"",""img/2_food.jpg"",""img/27_food.jpg""]","true","27","2","true","536"
"868","80","binary-choice","539","1057334","0.0-3.0-536.0","sr3300","","[""img/1_food.jpg"",""img/1_food.jpg"",""img/19_food.jpg""]","true","19","1","true","537"
"571","81","binary-choice","540","1058413","0.0-3.0-537.0","sr3300","","[""img/18_food.jpg"",""img/18_food.jpg"",""img/29_food.jpg""]","false","18","29","true","538"
"2150","80","binary-choice","541","1061019","0.0-3.0-538.0","sr3300","","[""img/3_food.jpg"",""img/3_food.jpg"",""img/7_food.jpg""]","false","3","7","true","539"
"854","80","binary-choice","542","1062462","0.0-3.0-539.0","sr3300","","[""img/4_food.jpg"",""img/4_food.jpg"",""img/30_food.jpg""]","false","4","30","true","540"
"735","80","binary-choice","543","1063950","0.0-3.0-540.0","sr3300","","[""img/5_food.jpg"",""img/5_food.jpg"",""img/30_food.jpg""]","false","5","30","true","541"
"768","81","binary-choice","544","1065349","0.0-3.0-541.0","sr3300","","[""img/23_food.jpg"",""img/23_food.jpg"",""img/30_food.jpg""]","true","30","23","true","542"
"1001","80","binary-choice","545","1066893","0.0-3.0-542.0","sr3300","","[""img/2_food.jpg"",""img/2_food.jpg"",""img/15_food.jpg""]","true","15","2","true","543"
"807","81","binary-choice","546","1068348","0.0-3.0-543.0","sr3300","","[""img/7_food.jpg"",""img/7_food.jpg"",""img/13_food.jpg""]","true","13","7","true","544"
"778","81","binary-choice","547","1069772","0.0-3.0-544.0","sr3300","","[""img/9_food.jpg"",""img/9_food.jpg"",""img/12_food.jpg""]","false","9","12","true","545"
"647","81","binary-choice","548","1071257","0.0-3.0-545.0","sr3300","","[""img/8_food.jpg"",""img/8_food.jpg"",""img/18_food.jpg""]","true","18","8","true","546"
"2022","81","binary-choice","549","1074012","0.0-3.0-546.0","sr3300","","[""img/6_food.jpg"",""img/6_food.jpg"",""img/13_food.jpg""]","true","13","6","true","547"
"886","80","binary-choice","550","1075173","0.0-3.0-547.0","sr3300","","[""img/5_food.jpg"",""img/5_food.jpg"",""img/30_food.jpg""]","false","5","30","true","548"
"1559","80","binary-choice","551","1077596","0.0-3.0-548.0","sr3300","","[""img/19_food.jpg"",""img/19_food.jpg"",""img/22_food.jpg""]","true","22","19","true","549"
"669","80","binary-choice","552","1078869","0.0-3.0-549.0","sr3300","","[""img/2_food.jpg"",""img/2_food.jpg"",""img/17_food.jpg""]","false","2","17","true","550"
"1478","80","binary-choice","553","1081296","0.0-3.0-550.0","sr3300","","[""img/1_food.jpg"",""img/1_food.jpg"",""img/9_food.jpg""]","false","1","9","true","551"
"1265","81","binary-choice","554","1083061","0.0-3.0-551.0","sr3300","","[""img/17_food.jpg"",""img/17_food.jpg"",""img/20_food.jpg""]","true","20","17","true","552"
"929","81","binary-choice","555","1084700","0.0-3.0-552.0","sr3300","","[""img/13_food.jpg"",""img/13_food.jpg"",""img/22_food.jpg""]","false","13","22","true","553"
"941","80","binary-choice","556","1086196","0.0-3.0-553.0","sr3300","","[""img/8_food.jpg"",""img/8_food.jpg"",""img/18_food.jpg""]","false","8","18","true","554"
"1258","81","binary-choice","557","1087980","0.0-3.0-554.0","sr3300","","[""img/7_food.jpg"",""img/7_food.jpg"",""img/23_food.jpg""]","true","23","7","true","555"
"736","81","binary-choice","558","1089308","0.0-3.0-555.0","sr3300","","[""img/21_food.jpg"",""img/21_food.jpg"",""img/26_food.jpg""]","true","26","21","true","556"
"738","81","binary-choice","559","1090501","0.0-3.0-556.0","sr3300","","[""img/11_food.jpg"",""img/11_food.jpg"",""img/28_food.jpg""]","false","11","28","true","557"
"1020","80","binary-choice","560","1092317","0.0-3.0-557.0","sr3300","","[""img/20_food.jpg"",""img/20_food.jpg"",""img/26_food.jpg""]","false","20","26","true","558"
"1044","80","binary-choice","561","1093997","0.0-3.0-558.0","sr3300","","[""img/19_food.jpg"",""img/19_food.jpg"",""img/26_food.jpg""]","false","19","26","true","559"
"1293","81","binary-choice","562","1095572","0.0-3.0-559.0","sr3300","","[""img/5_food.jpg"",""img/5_food.jpg"",""img/8_food.jpg""]","false","5","8","true","560"
"922","80","binary-choice","563","1097196","0.0-3.0-560.0","sr3300","","[""img/17_food.jpg"",""img/17_food.jpg"",""img/22_food.jpg""]","true","22","17","true","561"
"869","80","binary-choice","564","1098580","0.0-3.0-561.0","sr3300","","[""img/1_food.jpg"",""img/1_food.jpg"",""img/24_food.jpg""]","true","24","1","true","562"
"1221","80","binary-choice","565","1100246","0.0-3.0-562.0","sr3300","","[""img/4_food.jpg"",""img/4_food.jpg"",""img/29_food.jpg""]","true","29","4","true","563"
"1235","81","binary-choice","566","1102188","0.0-3.0-563.0","sr3300","","[""img/20_food.jpg"",""img/20_food.jpg"",""img/25_food.jpg""]","false","20","25","true","564"
"1132","81","binary-choice","567","1103850","0.0-3.0-564.0","sr3300","","[""img/22_food.jpg"",""img/22_food.jpg"",""img/25_food.jpg""]","false","22","25","true","565"
"1494","80","binary-choice","568","1106332","0.0-3.0-565.0","sr3300","","[""img/3_food.jpg"",""img/3_food.jpg"",""img/23_food.jpg""]","false","3","23","true","566"
"1297","81","binary-choice","569","1108388","0.0-3.0-566.0","sr3300","","[""img/10_food.jpg"",""img/10_food.jpg"",""img/24_food.jpg""]","false","10","24","true","567"
"836","81","binary-choice","570","1109996","0.0-3.0-567.0","sr3300","","[""img/4_food.jpg"",""img/4_food.jpg"",""img/26_food.jpg""]","true","26","4","true","568"
"1300","80","binary-choice","571","1112015","0.0-3.0-568.0","sr3300","","[""img/23_food.jpg"",""img/23_food.jpg"",""img/28_food.jpg""]","false","23","28","true","569"
"738","81","binary-choice","572","1113265","0.0-3.0-569.0","sr3300","","[""img/10_food.jpg"",""img/10_food.jpg"",""img/11_food.jpg""]","true","11","10","true","570"
"726","80","binary-choice","573","1114866","0.0-3.0-570.0","sr3300","","[""img/6_food.jpg"",""img/6_food.jpg"",""img/17_food.jpg""]","false","6","17","true","571"
"1135","80","binary-choice","574","1116308","0.0-3.0-571.0","sr3300","","[""img/17_food.jpg"",""img/17_food.jpg"",""img/20_food.jpg""]","false","17","20","true","572"
"642","80","binary-choice","575","1117843","0.0-3.0-572.0","sr3300","","[""img/11_food.jpg"",""img/11_food.jpg"",""img/25_food.jpg""]","true","25","11","true","573"
"1205","81","binary-choice","576","1119899","0.0-3.0-573.0","sr3300","","[""img/22_food.jpg"",""img/22_food.jpg"",""img/25_food.jpg""]","false","22","25","true","574"
"2243","80","binary-choice","577","1123027","0.0-3.0-574.0","sr3300","","[""img/1_food.jpg"",""img/1_food.jpg"",""img/29_food.jpg""]","true","29","1","true","575"
"1275","80","binary-choice","578","1124659","0.0-3.0-575.0","sr3300","","[""img/6_food.jpg"",""img/6_food.jpg"",""img/27_food.jpg""]","false","6","27","true","576"
"651","81","binary-choice","579","1126007","0.0-3.0-576.0","sr3300","","[""img/11_food.jpg"",""img/11_food.jpg"",""img/12_food.jpg""]","false","11","12","true","577"
"1769","80","binary-choice","580","1128475","0.0-3.0-577.0","sr3300","","[""img/23_food.jpg"",""img/23_food.jpg"",""img/29_food.jpg""]","true","29","23","true","578"
"749","80","binary-choice","581","1129850","0.0-3.0-578.0","sr3300","","[""img/5_food.jpg"",""img/5_food.jpg"",""img/22_food.jpg""]","true","22","5","true","579"
"834","80","binary-choice","582","1131602","0.0-3.0-579.0","sr3300","","[""img/10_food.jpg"",""img/10_food.jpg"",""img/29_food.jpg""]","true","29","10","true","580"
"1082","81","binary-choice","583","1133027","0.0-3.0-580.0","sr3300","","[""img/9_food.jpg"",""img/9_food.jpg"",""img/18_food.jpg""]","true","18","9","true","581"
"1120","81","binary-choice","584","1134566","0.0-3.0-581.0","sr3300","","[""img/4_food.jpg"",""img/4_food.jpg"",""img/15_food.jpg""]","false","4","15","true","582"
"1393","80","binary-choice","585","1136359","0.0-3.0-582.0","sr3300","","[""img/23_food.jpg"",""img/23_food.jpg"",""img/28_food.jpg""]","false","23","28","true","583"
"1091","81","binary-choice","586","1137962","0.0-3.0-583.0","sr3300","","[""img/24_food.jpg"",""img/24_food.jpg"",""img/29_food.jpg""]","true","29","24","true","584"
"1026","81","binary-choice","587","1139938","0.0-3.0-584.0","sr3300","","[""img/7_food.jpg"",""img/7_food.jpg"",""img/19_food.jpg""]","false","7","19","true","585"
"703","81","binary-choice","588","1141611","0.0-3.0-585.0","sr3300","","[""img/1_food.jpg"",""img/1_food.jpg"",""img/13_food.jpg""]","false","1","13","true","586"
"1192","80","binary-choice","589","1143659","0.0-3.0-586.0","sr3300","","[""img/14_food.jpg"",""img/14_food.jpg"",""img/29_food.jpg""]","true","29","14","true","587"
"1342","81","binary-choice","590","1145338","0.0-3.0-587.0","sr3300","","[""img/28_food.jpg"",""img/28_food.jpg"",""img/30_food.jpg""]","true","30","28","true","588"
"683","80","binary-choice","591","1146862","0.0-3.0-588.0","sr3300","","[""img/13_food.jpg"",""img/13_food.jpg"",""img/25_food.jpg""]","true","25","13","true","589"
"1100","81","binary-choice","592","1148331","0.0-3.0-589.0","sr3300","","[""img/6_food.jpg"",""img/6_food.jpg"",""img/28_food.jpg""]","true","28","6","true","590"
"924","81","binary-choice","593","1150003","0.0-3.0-590.0","sr3300","","[""img/3_food.jpg"",""img/3_food.jpg"",""img/14_food.jpg""]","true","14","3","true","591"
"595","80","binary-choice","594","1151436","0.0-3.0-591.0","sr3300","","[""img/11_food.jpg"",""img/11_food.jpg"",""img/29_food.jpg""]","true","29","11","true","592"
"657","80","binary-choice","595","1152502","0.0-3.0-592.0","sr3300","","[""img/17_food.jpg"",""img/17_food.jpg"",""img/23_food.jpg""]","true","23","17","true","593"
"563","80","binary-choice","596","1153651","0.0-3.0-593.0","sr3300","","[""img/11_food.jpg"",""img/11_food.jpg"",""img/30_food.jpg""]","true","30","11","true","594"
"711","81","binary-choice","597","1154898","0.0-3.0-594.0","sr3300","","[""img/3_food.jpg"",""img/3_food.jpg"",""img/9_food.jpg""]","true","9","3","true","595"
"712","81","binary-choice","598","1155883","0.0-3.0-595.0","sr3300","","[""img/3_food.jpg"",""img/3_food.jpg"",""img/20_food.jpg""]","true","20","3","true","596"
"951","80","binary-choice","599","1157287","0.0-3.0-596.0","sr3300","","[""img/4_food.jpg"",""img/4_food.jpg"",""img/14_food.jpg""]","false","4","14","true","597"
"617","80","binary-choice","600","1158730","0.0-3.0-597.0","sr3300","","[""img/1_food.jpg"",""img/1_food.jpg"",""img/6_food.jpg""]","true","6","1","true","598"
"833","81","binary-choice","601","1160522","0.0-3.0-598.0","sr3300","","[""img/1_food.jpg"",""img/1_food.jpg"",""img/21_food.jpg""]","false","1","21","true","599"
"944","80","binary-choice","602","1161817","0.0-3.0-599.0","sr3300","","[""img/17_food.jpg"",""img/17_food.jpg"",""img/18_food.jpg""]","false","17","18","true","600"
"674","80","binary-choice","603","1162978","0.0-3.0-600.0","sr3300","","[""img/3_food.jpg"",""img/3_food.jpg"",""img/4_food.jpg""]","false","3","4","true","601"
"560","80","binary-choice","604","1164210","0.0-3.0-601.0","sr3300","","[""img/18_food.jpg"",""img/18_food.jpg"",""img/22_food.jpg""]","true","22","18","true","602"
"955","81","binary-choice","605","1166005","0.0-3.0-602.0","sr3300","","[""img/10_food.jpg"",""img/10_food.jpg"",""img/22_food.jpg""]","false","10","22","true","603"
"768","81","binary-choice","606","1167226","0.0-3.0-603.0","sr3300","","[""img/18_food.jpg"",""img/18_food.jpg"",""img/30_food.jpg""]","false","18","30","true","604"
"890","80","binary-choice","607","1169078","0.0-3.0-604.0","sr3300","","[""img/16_food.jpg"",""img/16_food.jpg"",""img/29_food.jpg""]","false","16","29","true","605"
"785","81","binary-choice","608","1170689","0.0-3.0-605.0","sr3300","","[""img/2_food.jpg"",""img/2_food.jpg"",""img/11_food.jpg""]","true","11","2","true","606"
"1316","81","binary-choice","609","1172561","0.0-3.0-606.0","sr3300","","[""img/22_food.jpg"",""img/22_food.jpg"",""img/24_food.jpg""]","true","24","22","true","607"
"726","81","binary-choice","610","1173641","0.0-3.0-607.0","sr3300","","[""img/2_food.jpg"",""img/2_food.jpg"",""img/18_food.jpg""]","true","18","2","true","608"
"1436","81","binary-choice","611","1175737","0.0-3.0-608.0","sr3300","","[""img/8_food.jpg"",""img/8_food.jpg"",""img/27_food.jpg""]","true","27","8","true","609"
"978","80","binary-choice","612","1177545","0.0-3.0-609.0","sr3300","","[""img/9_food.jpg"",""img/9_food.jpg"",""img/29_food.jpg""]","true","29","9","true","610"
"1037","81","binary-choice","613","1179549","0.0-3.0-610.0","sr3300","","[""img/7_food.jpg"",""img/7_food.jpg"",""img/16_food.jpg""]","false","7","16","true","611"
"1265","81","binary-choice","614","1181249","0.0-3.0-611.0","sr3300","","[""img/5_food.jpg"",""img/5_food.jpg"",""img/6_food.jpg""]","false","5","6","true","612"
"1255","80","binary-choice","615","1182905","0.0-3.0-612.0","sr3300","","[""img/8_food.jpg"",""img/8_food.jpg"",""img/13_food.jpg""]","false","8","13","true","613"
"1199","80","binary-choice","616","1184673","0.0-3.0-613.0","sr3300","","[""img/15_food.jpg"",""img/15_food.jpg"",""img/20_food.jpg""]","false","15","20","true","614"
"775","80","binary-choice","617","1186157","0.0-3.0-614.0","sr3300","","[""img/1_food.jpg"",""img/1_food.jpg"",""img/22_food.jpg""]","true","22","1","true","615"
"919","81","binary-choice","618","1187922","0.0-3.0-615.0","sr3300","","[""img/23_food.jpg"",""img/23_food.jpg"",""img/25_food.jpg""]","false","23","25","true","616"
"1031","80","binary-choice","619","1189880","0.0-3.0-616.0","sr3300","","[""img/22_food.jpg"",""img/22_food.jpg"",""img/29_food.jpg""]","true","29","22","true","617"
"963","81","binary-choice","620","1191123","0.0-3.0-617.0","sr3300","","[""img/5_food.jpg"",""img/5_food.jpg"",""img/17_food.jpg""]","true","17","5","true","618"
"832","81","binary-choice","621","1192833","0.0-3.0-618.0","sr3300","","[""img/5_food.jpg"",""img/5_food.jpg"",""img/21_food.jpg""]","false","5","21","true","619"
"723","80","binary-choice","622","1194097","0.0-3.0-619.0","sr3300","","[""img/4_food.jpg"",""img/4_food.jpg"",""img/11_food.jpg""]","false","4","11","true","620"
"542","80","binary-choice","623","1195545","0.0-3.0-620.0","sr3300","","[""img/11_food.jpg"",""img/11_food.jpg"",""img/14_food.jpg""]","true","14","11","true","621"
"945","81","binary-choice","624","1196977","0.0-3.0-621.0","sr3300","","[""img/29_food.jpg"",""img/29_food.jpg"",""img/30_food.jpg""]","true","30","29","true","622"
"946","80","binary-choice","625","1198307","0.0-3.0-622.0","sr3300","","[""img/18_food.jpg"",""img/18_food.jpg"",""img/30_food.jpg""]","true","30","18","true","623"
"722","80","binary-choice","626","1199509","0.0-3.0-623.0","sr3300","","[""img/5_food.jpg"",""img/5_food.jpg"",""img/25_food.jpg""]","true","25","5","true","624"
"1259","81","binary-choice","627","1201174","0.0-3.0-624.0","sr3300","","[""img/1_food.jpg"",""img/1_food.jpg"",""img/10_food.jpg""]","false","1","10","true","625"
"995","81","binary-choice","628","1203016","0.0-3.0-625.0","sr3300","","[""img/2_food.jpg"",""img/2_food.jpg"",""img/16_food.jpg""]","false","2","16","true","626"
"652","81","binary-choice","629","1204443","0.0-3.0-626.0","sr3300","","[""img/11_food.jpg"",""img/11_food.jpg"",""img/30_food.jpg""]","false","11","30","true","627"
"891","80","binary-choice","630","1206017","0.0-3.0-627.0","sr3300","","[""img/11_food.jpg"",""img/11_food.jpg"",""img/20_food.jpg""]","true","20","11","true","628"
"1148","81","binary-choice","631","1208049","0.0-3.0-628.0","sr3300","","[""img/6_food.jpg"",""img/6_food.jpg"",""img/13_food.jpg""]","true","13","6","true","629"
"987","81","binary-choice","632","1209480","0.0-3.0-629.0","sr3300","","[""img/10_food.jpg"",""img/10_food.jpg"",""img/11_food.jpg""]","true","11","10","true","630"
"1499","81","binary-choice","633","1211404","0.0-3.0-630.0","sr3300","","[""img/13_food.jpg"",""img/13_food.jpg"",""img/23_food.jpg""]","false","13","23","true","631"
"1246","80","binary-choice","634","1213296","0.0-3.0-631.0","sr3300","","[""img/9_food.jpg"",""img/9_food.jpg"",""img/26_food.jpg""]","true","26","9","true","632"
"824","80","binary-choice","635","1214800","0.0-3.0-632.0","sr3300","","[""img/8_food.jpg"",""img/8_food.jpg"",""img/16_food.jpg""]","true","16","8","true","633"
"3522","81","binary-choice","636","1219295","0.0-3.0-633.0","sr3300","","[""img/10_food.jpg"",""img/10_food.jpg"",""img/30_food.jpg""]","false","10","30","true","634"
"1325","81","binary-choice","637","1221046","0.0-3.0-634.0","sr3300","","[""img/9_food.jpg"",""img/9_food.jpg"",""img/30_food.jpg""]","false","9","30","true","635"
"1089","81","binary-choice","638","1222733","0.0-3.0-635.0","sr3300","","[""img/10_food.jpg"",""img/10_food.jpg"",""img/20_food.jpg""]","true","20","10","true","636"
"933","80","binary-choice","639","1224176","0.0-3.0-636.0","sr3300","","[""img/2_food.jpg"",""img/2_food.jpg"",""img/13_food.jpg""]","false","2","13","true","637"
"660","80","binary-choice","640","1225312","0.0-3.0-637.0","sr3300","","[""img/25_food.jpg"",""img/25_food.jpg"",""img/26_food.jpg""]","false","25","26","true","638"
"1022","80","binary-choice","641","1226647","0.0-3.0-638.0","sr3300","","[""img/2_food.jpg"",""img/2_food.jpg"",""img/14_food.jpg""]","false","2","14","true","639"
"1215","80","binary-choice","642","1228430","0.0-3.0-639.0","sr3300","","[""img/4_food.jpg"",""img/4_food.jpg"",""img/18_food.jpg""]","false","4","18","true","640"
"1033","81","binary-choice","643","1229982","0.0-3.0-640.0","sr3300","","[""img/20_food.jpg"",""img/20_food.jpg"",""img/27_food.jpg""]","true","27","20","true","641"
"976","81","binary-choice","644","1231367","0.0-3.0-641.0","sr3300","","[""img/5_food.jpg"",""img/5_food.jpg"",""img/10_food.jpg""]","true","10","5","true","642"
"1023","80","binary-choice","645","1233012","0.0-3.0-642.0","sr3300","","[""img/6_food.jpg"",""img/6_food.jpg"",""img/20_food.jpg""]","false","6","20","true","643"
"813","81","binary-choice","646","1234695","0.0-3.0-643.0","sr3300","","[""img/21_food.jpg"",""img/21_food.jpg"",""img/27_food.jpg""]","true","27","21","true","644"
"754","81","binary-choice","647","1236328","0.0-3.0-644.0","sr3300","","[""img/1_food.jpg"",""img/1_food.jpg"",""img/18_food.jpg""]","true","18","1","true","645"
"1001","80","binary-choice","648","1237798","0.0-3.0-645.0","sr3300","","[""img/3_food.jpg"",""img/3_food.jpg"",""img/12_food.jpg""]","false","3","12","true","646"
"776","81","binary-choice","649","1239166","0.0-3.0-646.0","sr3300","","[""img/7_food.jpg"",""img/7_food.jpg"",""img/27_food.jpg""]","true","27","7","true","647"
"687","80","binary-choice","650","1240438","0.0-3.0-647.0","sr3300","","[""img/13_food.jpg"",""img/13_food.jpg"",""img/18_food.jpg""]","false","13","18","true","648"
"898","80","binary-choice","651","1241886","0.0-3.0-648.0","sr3300","","[""img/9_food.jpg"",""img/9_food.jpg"",""img/24_food.jpg""]","true","24","9","true","649"
"1395","81","binary-choice","652","1243642","0.0-3.0-649.0","sr3300","","[""img/19_food.jpg"",""img/19_food.jpg"",""img/24_food.jpg""]","false","19","24","true","650"
"1056","81","binary-choice","653","1245606","0.0-3.0-650.0","sr3300","","[""img/4_food.jpg"",""img/4_food.jpg"",""img/7_food.jpg""]","false","4","7","true","651"
"835","80","binary-choice","654","1247327","0.0-3.0-651.0","sr3300","","[""img/1_food.jpg"",""img/1_food.jpg"",""img/19_food.jpg""]","true","19","1","true","652"
"639","81","binary-choice","655","1248742","0.0-3.0-652.0","sr3300","","[""img/10_food.jpg"",""img/10_food.jpg"",""img/19_food.jpg""]","false","10","19","true","653"
"958","80","binary-choice","656","1250478","0.0-3.0-653.0","sr3300","","[""img/17_food.jpg"",""img/17_food.jpg"",""img/25_food.jpg""]","true","25","17","true","654"
"774","80","binary-choice","657","1252022","0.0-3.0-654.0","sr3300","","[""img/9_food.jpg"",""img/9_food.jpg"",""img/16_food.jpg""]","true","16","9","true","655"
"1487","80","binary-choice","658","1254467","0.0-3.0-655.0","sr3300","","[""img/3_food.jpg"",""img/3_food.jpg"",""img/21_food.jpg""]","false","3","21","true","656"
"725","80","binary-choice","659","1255558","0.0-3.0-656.0","sr3300","","[""img/15_food.jpg"",""img/15_food.jpg"",""img/28_food.jpg""]","false","15","28","true","657"
"709","80","binary-choice","660","1256549","0.0-3.0-657.0","sr3300","","[""img/7_food.jpg"",""img/7_food.jpg"",""img/11_food.jpg""]","false","7","11","true","658"
"610","81","binary-choice","661","1257814","0.0-3.0-658.0","sr3300","","[""img/11_food.jpg"",""img/11_food.jpg"",""img/23_food.jpg""]","false","11","23","true","659"
"1171","81","binary-choice","662","1259494","0.0-3.0-659.0","sr3300","","[""img/16_food.jpg"",""img/16_food.jpg"",""img/17_food.jpg""]","true","17","16","true","660"
"1112","81","binary-choice","663","1261502","0.0-3.0-660.0","sr3300","","[""img/21_food.jpg"",""img/21_food.jpg"",""img/23_food.jpg""]","true","23","21","true","661"
"691","81","binary-choice","664","1263168","0.0-3.0-661.0","sr3300","","[""img/10_food.jpg"",""img/10_food.jpg"",""img/20_food.jpg""]","false","10","20","true","662"
"1011","80","binary-choice","665","1264882","0.0-3.0-662.0","sr3300","","[""img/20_food.jpg"",""img/20_food.jpg"",""img/30_food.jpg""]","false","20","30","true","663"
"803","80","binary-choice","666","1266617","0.0-3.0-663.0","sr3300","","[""img/14_food.jpg"",""img/14_food.jpg"",""img/15_food.jpg""]","true","15","14","true","664"
"971","80","binary-choice","667","1268341","0.0-3.0-664.0","sr3300","","[""img/16_food.jpg"",""img/16_food.jpg"",""img/26_food.jpg""]","false","16","26","true","665"
"792","80","binary-choice","668","1269821","0.0-3.0-665.0","sr3300","","[""img/6_food.jpg"",""img/6_food.jpg"",""img/9_food.jpg""]","false","6","9","true","666"
"840","81","binary-choice","669","1271262","0.0-3.0-666.0","sr3300","","[""img/28_food.jpg"",""img/28_food.jpg"",""img/29_food.jpg""]","false","28","29","true","667"
"766","80","binary-choice","670","1272654","0.0-3.0-667.0","sr3300","","[""img/9_food.jpg"",""img/9_food.jpg"",""img/15_food.jpg""]","true","15","9","true","668"
"1170","80","binary-choice","671","1274517","0.0-3.0-668.0","sr3300","","[""img/16_food.jpg"",""img/16_food.jpg"",""img/22_food.jpg""]","false","16","22","true","669"
"1086","80","binary-choice","672","1276003","0.0-3.0-669.0","sr3300","","[""img/5_food.jpg"",""img/5_food.jpg"",""img/11_food.jpg""]","false","5","11","true","670"
"1132","80","binary-choice","673","1277821","0.0-3.0-670.0","sr3300","","[""img/7_food.jpg"",""img/7_food.jpg"",""img/25_food.jpg""]","true","25","7","true","671"
"791","81","binary-choice","674","1279085","0.0-3.0-671.0","sr3300","","[""img/16_food.jpg"",""img/16_food.jpg"",""img/25_food.jpg""]","true","25","16","true","672"
"758","81","binary-choice","675","1280605","0.0-3.0-672.0","sr3300","","[""img/9_food.jpg"",""img/9_food.jpg"",""img/18_food.jpg""]","true","18","9","true","673"
"751","81","binary-choice","676","1281804","0.0-3.0-673.0","sr3300","","[""img/8_food.jpg"",""img/8_food.jpg"",""img/11_food.jpg""]","true","11","8","true","674"
"912","81","binary-choice","677","1283437","0.0-3.0-674.0","sr3300","","[""img/12_food.jpg"",""img/12_food.jpg"",""img/21_food.jpg""]","false","12","21","true","675"
"1328","80","binary-choice","678","1285285","0.0-3.0-675.0","sr3300","","[""img/21_food.jpg"",""img/21_food.jpg"",""img/22_food.jpg""]","false","21","22","true","676"
"848","81","binary-choice","679","1286667","0.0-3.0-676.0","sr3300","","[""img/18_food.jpg"",""img/18_food.jpg"",""img/28_food.jpg""]","false","18","28","true","677"
"1771","80","binary-choice","680","1289412","0.0-3.0-677.0","sr3300","","[""img/7_food.jpg"",""img/7_food.jpg"",""img/30_food.jpg""]","false","7","30","true","678"
"1374","81","binary-choice","681","1291149","0.0-3.0-678.0","sr3300","","[""img/8_food.jpg"",""img/8_food.jpg"",""img/25_food.jpg""]","false","8","25","true","679"
"778","81","binary-choice","682","1292389","0.0-3.0-679.0","sr3300","","[""img/1_food.jpg"",""img/1_food.jpg"",""img/3_food.jpg""]","false","1","3","true","680"
"1267","80","binary-choice","683","1294238","0.0-3.0-680.0","sr3300","","[""img/16_food.jpg"",""img/16_food.jpg"",""img/25_food.jpg""]","false","16","25","true","681"
"735","80","binary-choice","684","1295876","0.0-3.0-681.0","sr3300","","[""img/4_food.jpg"",""img/4_food.jpg"",""img/19_food.jpg""]","true","19","4","true","682"
"775","81","binary-choice","685","1297160","0.0-3.0-682.0","sr3300","","[""img/18_food.jpg"",""img/18_food.jpg"",""img/25_food.jpg""]","false","18","25","true","683"
"694","80","binary-choice","686","1298212","0.0-3.0-683.0","sr3300","","[""img/10_food.jpg"",""img/10_food.jpg"",""img/14_food.jpg""]","true","14","10","true","684"
"1171","81","binary-choice","687","1299956","0.0-3.0-684.0","sr3300","","[""img/3_food.jpg"",""img/3_food.jpg"",""img/8_food.jpg""]","true","8","3","true","685"
"632","81","binary-choice","688","1301273","0.0-3.0-685.0","sr3300","","[""img/3_food.jpg"",""img/3_food.jpg"",""img/10_food.jpg""]","true","10","3","true","686"
"736","80","binary-choice","689","1302885","0.0-3.0-686.0","sr3300","","[""img/8_food.jpg"",""img/8_food.jpg"",""img/26_food.jpg""]","false","8","26","true","687"
"608","80","binary-choice","690","1303757","0.0-3.0-687.0","sr3300","","[""img/9_food.jpg"",""img/9_food.jpg"",""img/25_food.jpg""]","true","25","9","true","688"
"950","81","binary-choice","691","1305596","0.0-3.0-688.0","sr3300","","[""img/10_food.jpg"",""img/10_food.jpg"",""img/27_food.jpg""]","true","27","10","true","689"
"784","80","binary-choice","692","1307260","0.0-3.0-689.0","sr3300","","[""img/5_food.jpg"",""img/5_food.jpg"",""img/9_food.jpg""]","false","5","9","true","690"
"946","80","binary-choice","693","1308699","0.0-3.0-690.0","sr3300","","[""img/14_food.jpg"",""img/14_food.jpg"",""img/24_food.jpg""]","true","24","14","true","691"
"1207","81","binary-choice","694","1310460","0.0-3.0-691.0","sr3300","","[""img/1_food.jpg"",""img/1_food.jpg"",""img/28_food.jpg""]","false","1","28","true","692"
"833","81","binary-choice","695","1311708","0.0-3.0-692.0","sr3300","","[""img/10_food.jpg"",""img/10_food.jpg"",""img/17_food.jpg""]","false","10","17","true","693"
"792","80","binary-choice","696","1313059","0.0-3.0-693.0","sr3300","","[""img/8_food.jpg"",""img/8_food.jpg"",""img/22_food.jpg""]","false","8","22","true","694"
"594","80","binary-choice","697","1314180","0.0-3.0-694.0","sr3300","","[""img/22_food.jpg"",""img/22_food.jpg"",""img/27_food.jpg""]","false","22","27","true","695"
"708","81","binary-choice","698","1315612","0.0-3.0-695.0","sr3300","","[""img/2_food.jpg"",""img/2_food.jpg"",""img/12_food.jpg""]","true","12","2","true","696"
"594","80","binary-choice","699","1316828","0.0-3.0-696.0","sr3300","","[""img/3_food.jpg"",""img/3_food.jpg"",""img/14_food.jpg""]","false","3","14","true","697"
"719","81","binary-choice","700","1318211","0.0-3.0-697.0","sr3300","","[""img/8_food.jpg"",""img/8_food.jpg"",""img/13_food.jpg""]","true","13","8","true","698"
"636","80","binary-choice","701","1319115","0.0-3.0-698.0","sr3300","","[""img/18_food.jpg"",""img/18_food.jpg"",""img/25_food.jpg""]","true","25","18","true","699"
"514","80","binary-choice","702","1320007","0.0-3.0-699.0","sr3300","","[""img/3_food.jpg"",""img/3_food.jpg"",""img/27_food.jpg""]","false","3","27","true","700"
"634","81","binary-choice","703","1321020","0.0-3.0-700.0","sr3300","","[""img/5_food.jpg"",""img/5_food.jpg"",""img/29_food.jpg""]","false","5","29","true","701"
"562","80","binary-choice","704","1321924","0.0-3.0-701.0","sr3300","","[""img/12_food.jpg"",""img/12_food.jpg"",""img/17_food.jpg""]","true","17","12","true","702"
"693","80","binary-choice","705","1323163","0.0-3.0-702.0","sr3300","","[""img/9_food.jpg"",""img/9_food.jpg"",""img/28_food.jpg""]","true","28","9","true","703"
"725","80","binary-choice","706","1324308","0.0-3.0-703.0","sr3300","","[""img/9_food.jpg"",""img/9_food.jpg"",""img/27_food.jpg""]","false","9","27","true","704"
"906","81","binary-choice","707","1325948","0.0-3.0-704.0","sr3300","","[""img/21_food.jpg"",""img/21_food.jpg"",""img/24_food.jpg""]","false","21","24","true","705"
"507","80","binary-choice","708","1327067","0.0-3.0-705.0","sr3300","","[""img/3_food.jpg"",""img/3_food.jpg"",""img/11_food.jpg""]","false","3","11","true","706"
"1178","80","binary-choice","709","1329191","0.0-3.0-706.0","sr3300","","[""img/4_food.jpg"",""img/4_food.jpg"",""img/7_food.jpg""]","true","7","4","true","707"
"601","80","binary-choice","710","1330678","0.0-3.0-707.0","sr3300","","[""img/6_food.jpg"",""img/6_food.jpg"",""img/17_food.jpg""]","false","6","17","true","708"
"640","80","binary-choice","711","1331699","0.0-3.0-708.0","sr3300","","[""img/1_food.jpg"",""img/1_food.jpg"",""img/14_food.jpg""]","true","14","1","true","709"
"704","81","binary-choice","712","1333340","0.0-3.0-709.0","sr3300","","[""img/9_food.jpg"",""img/9_food.jpg"",""img/13_food.jpg""]","false","9","13","true","710"
"621","81","binary-choice","713","1334515","0.0-3.0-710.0","sr3300","","[""img/13_food.jpg"",""img/13_food.jpg"",""img/18_food.jpg""]","true","18","13","true","711"
"927","80","binary-choice","714","1336179","0.0-3.0-711.0","sr3300","","[""img/8_food.jpg"",""img/8_food.jpg"",""img/30_food.jpg""]","false","8","30","true","712"
"816","81","binary-choice","715","1337884","0.0-3.0-712.0","sr3300","","[""img/24_food.jpg"",""img/24_food.jpg"",""img/25_food.jpg""]","true","25","24","true","713"
"733","80","binary-choice","716","1339207","0.0-3.0-713.0","sr3300","","[""img/17_food.jpg"",""img/17_food.jpg"",""img/29_food.jpg""]","true","29","17","true","714"
"973","81","binary-choice","717","1340883","0.0-3.0-714.0","sr3300","","[""img/1_food.jpg"",""img/1_food.jpg"",""img/16_food.jpg""]","false","1","16","true","715"
"789","80","binary-choice","718","1342629","0.0-3.0-715.0","sr3300","","[""img/4_food.jpg"",""img/4_food.jpg"",""img/16_food.jpg""]","true","16","4","true","716"
"1188","81","binary-choice","719","1344235","0.0-3.0-716.0","sr3300","","[""img/13_food.jpg"",""img/13_food.jpg"",""img/17_food.jpg""]","false","13","17","true","717"
"900","81","binary-choice","720","1345851","0.0-3.0-717.0","sr3300","","[""img/10_food.jpg"",""img/10_food.jpg"",""img/19_food.jpg""]","false","10","19","true","718"
"823","80","binary-choice","721","1347651","0.0-3.0-718.0","sr3300","","[""img/8_food.jpg"",""img/8_food.jpg"",""img/15_food.jpg""]","true","15","8","true","719"
"864","80","binary-choice","722","1349076","0.0-3.0-719.0","sr3300","","[""img/6_food.jpg"",""img/6_food.jpg"",""img/19_food.jpg""]","true","19","6","true","720"
"561","80","binary-choice","723","1350335","0.0-3.0-720.0","sr3300","","[""img/12_food.jpg"",""img/12_food.jpg"",""img/26_food.jpg""]","false","12","26","true","721"
"976","81","binary-choice","724","1351851","0.0-3.0-721.0","sr3300","","[""img/25_food.jpg"",""img/25_food.jpg"",""img/29_food.jpg""]","false","25","29","true","722"
"1247","80","binary-choice","725","1353812","0.0-3.0-722.0","sr3300","","[""img/6_food.jpg"",""img/6_food.jpg"",""img/8_food.jpg""]","true","8","6","true","723"
"770","81","binary-choice","726","1354963","0.0-3.0-723.0","sr3300","","[""img/1_food.jpg"",""img/1_food.jpg"",""img/11_food.jpg""]","true","11","1","true","724"
"740","81","binary-choice","727","1356066","0.0-3.0-724.0","sr3300","","[""img/21_food.jpg"",""img/21_food.jpg"",""img/28_food.jpg""]","true","28","21","true","725"
"1043","80","binary-choice","728","1357467","0.0-3.0-725.0","sr3300","","[""img/3_food.jpg"",""img/3_food.jpg"",""img/6_food.jpg""]","false","3","6","true","726"
"727","81","binary-choice","729","1358850","0.0-3.0-726.0","sr3300","","[""img/19_food.jpg"",""img/19_food.jpg"",""img/20_food.jpg""]","true","20","19","true","727"
"578","80","binary-choice","730","1360016","0.0-3.0-727.0","sr3300","","[""img/5_food.jpg"",""img/5_food.jpg"",""img/26_food.jpg""]","false","5","26","true","728"
"1360","81","binary-choice","731","1361768","0.0-3.0-728.0","sr3300","","[""img/2_food.jpg"",""img/2_food.jpg"",""img/21_food.jpg""]","false","2","21","true","729"
"512","80","binary-choice","732","1363154","0.0-3.0-729.0","sr3300","","[""img/1_food.jpg"",""img/1_food.jpg"",""img/25_food.jpg""]","true","25","1","true","730"
"639","81","binary-choice","733","1364498","0.0-3.0-730.0","sr3300","","[""img/17_food.jpg"",""img/17_food.jpg"",""img/25_food.jpg""]","false","17","25","true","731"
"665","81","binary-choice","734","1365650","0.0-3.0-731.0","sr3300","","[""img/24_food.jpg"",""img/24_food.jpg"",""img/26_food.jpg""]","true","26","24","true","732"
"1849","80","binary-choice","735","1368180","0.0-3.0-732.0","sr3300","","[""img/3_food.jpg"",""img/3_food.jpg"",""img/7_food.jpg""]","false","3","7","true","733"
"666","80","binary-choice","736","1369443","0.0-3.0-733.0","sr3300","","[""img/5_food.jpg"",""img/5_food.jpg"",""img/16_food.jpg""]","true","16","5","true","734"
"562","80","binary-choice","737","1370370","0.0-3.0-734.0","sr3300","","[""img/4_food.jpg"",""img/4_food.jpg"",""img/23_food.jpg""]","true","23","4","true","735"
"747","81","binary-choice","738","1371991","0.0-3.0-735.0","sr3300","","[""img/4_food.jpg"",""img/4_food.jpg"",""img/18_food.jpg""]","true","18","4","true","736"
"742","80","binary-choice","739","1373547","0.0-3.0-736.0","sr3300","","[""img/18_food.jpg"",""img/18_food.jpg"",""img/27_food.jpg""]","false","18","27","true","737"
"1225","80","binary-choice","740","1375034","0.0-3.0-737.0","sr3300","","[""img/12_food.jpg"",""img/12_food.jpg"",""img/14_food.jpg""]","true","14","12","true","738"
"1155","80","binary-choice","741","1376770","0.0-3.0-738.0","sr3300","","[""img/27_food.jpg"",""img/27_food.jpg"",""img/29_food.jpg""]","true","29","27","true","739"
"1206","81","binary-choice","742","1378618","0.0-3.0-739.0","sr3300","","[""img/2_food.jpg"",""img/2_food.jpg"",""img/8_food.jpg""]","true","8","2","true","740"
"624","80","binary-choice","743","1380106","0.0-3.0-740.0","sr3300","","[""img/8_food.jpg"",""img/8_food.jpg"",""img/17_food.jpg""]","false","8","17","true","741"
"772","80","binary-choice","744","1381442","0.0-3.0-741.0","sr3300","","[""img/12_food.jpg"",""img/12_food.jpg"",""img/23_food.jpg""]","true","23","12","true","742"
"921","81","binary-choice","745","1382622","0.0-3.0-742.0","sr3300","","[""img/17_food.jpg"",""img/17_food.jpg"",""img/30_food.jpg""]","true","30","17","true","743"
"787","81","binary-choice","746","1383899","0.0-3.0-743.0","sr3300","","[""img/17_food.jpg"",""img/17_food.jpg"",""img/19_food.jpg""]","false","17","19","true","744"
"999","80","binary-choice","747","1385369","0.0-3.0-744.0","sr3300","","[""img/2_food.jpg"",""img/2_food.jpg"",""img/30_food.jpg""]","false","2","30","true","745"
"742","81","binary-choice","748","1386553","0.0-3.0-745.0","sr3300","","[""img/4_food.jpg"",""img/4_food.jpg"",""img/9_food.jpg""]","true","9","4","true","746"
"745","81","binary-choice","749","1388202","0.0-3.0-746.0","sr3300","","[""img/19_food.jpg"",""img/19_food.jpg"",""img/26_food.jpg""]","true","26","19","true","747"
"824","80","binary-choice","750","1389810","0.0-3.0-747.0","sr3300","","[""img/12_food.jpg"",""img/12_food.jpg"",""img/15_food.jpg""]","true","15","12","true","748"
"714","80","binary-choice","751","1391100","0.0-3.0-748.0","sr3300","","[""img/7_food.jpg"",""img/7_food.jpg"",""img/14_food.jpg""]","false","7","14","true","749"
"849","80","binary-choice","752","1392258","0.0-3.0-749.0","sr3300","","[""img/5_food.jpg"",""img/5_food.jpg"",""img/28_food.jpg""]","false","5","28","true","750"
"1027","80","binary-choice","753","1393838","0.0-3.0-750.0","sr3300","","[""img/15_food.jpg"",""img/15_food.jpg"",""img/25_food.jpg""]","true","25","15","true","751"
"2064","80","binary-choice","754","1396177","0.0-3.0-751.0","sr3300","","[""img/6_food.jpg"",""img/6_food.jpg"",""img/15_food.jpg""]","true","15","6","true","752"
"757","81","binary-choice","755","1397890","0.0-3.0-752.0","sr3300","","[""img/24_food.jpg"",""img/24_food.jpg"",""img/27_food.jpg""]","true","27","24","true","753"
"1135","81","binary-choice","756","1399410","0.0-3.0-753.0","sr3300","","[""img/7_food.jpg"",""img/7_food.jpg"",""img/11_food.jpg""]","true","11","7","true","754"
"695","80","binary-choice","757","1400617","0.0-3.0-754.0","sr3300","","[""img/13_food.jpg"",""img/13_food.jpg"",""img/22_food.jpg""]","true","22","13","true","755"
"820","81","binary-choice","758","1401890","0.0-3.0-755.0","sr3300","","[""img/8_food.jpg"",""img/8_food.jpg"",""img/29_food.jpg""]","false","8","29","true","756"
"919","81","binary-choice","759","1403281","0.0-3.0-756.0","sr3300","","[""img/5_food.jpg"",""img/5_food.jpg"",""img/22_food.jpg""]","false","5","22","true","757"
"674","81","binary-choice","760","1404397","0.0-3.0-757.0","sr3300","","[""img/25_food.jpg"",""img/25_food.jpg"",""img/29_food.jpg""]","true","29","25","true","758"
"579","80","binary-choice","761","1405554","0.0-3.0-758.0","sr3300","","[""img/15_food.jpg"",""img/15_food.jpg"",""img/18_food.jpg""]","false","15","18","true","759"
"775","80","binary-choice","762","1407257","0.0-3.0-759.0","sr3300","","[""img/6_food.jpg"",""img/6_food.jpg"",""img/18_food.jpg""]","false","6","18","true","760"
"1030","80","binary-choice","763","1409052","0.0-3.0-760.0","sr3300","","[""img/2_food.jpg"",""img/2_food.jpg"",""img/6_food.jpg""]","true","6","2","true","761"
"594","80","binary-choice","764","1410065","0.0-3.0-761.0","sr3300","","[""img/3_food.jpg"",""img/3_food.jpg"",""img/26_food.jpg""]","false","3","26","true","762"
"902","81","binary-choice","765","1411788","0.0-3.0-762.0","sr3300","","[""img/20_food.jpg"",""img/20_food.jpg"",""img/29_food.jpg""]","false","20","29","true","763"
"680","81","binary-choice","766","1412977","0.0-3.0-763.0","sr3300","","[""img/17_food.jpg"",""img/17_food.jpg"",""img/24_food.jpg""]","false","17","24","true","764"
"767","80","binary-choice","767","1414493","0.0-3.0-764.0","sr3300","","[""img/1_food.jpg"",""img/1_food.jpg"",""img/5_food.jpg""]","true","5","1","true","765"
"892","81","binary-choice","768","1416297","0.0-3.0-765.0","sr3300","","[""img/10_food.jpg"",""img/10_food.jpg"",""img/13_food.jpg""]","true","13","10","true","766"
"993","80","binary-choice","769","1417793","0.0-3.0-766.0","sr3300","","[""img/1_food.jpg"",""img/1_food.jpg"",""img/7_food.jpg""]","true","7","1","true","767"
"852","81","binary-choice","770","1419161","0.0-3.0-767.0","sr3300","","[""img/1_food.jpg"",""img/1_food.jpg"",""img/25_food.jpg""]","false","1","25","true","768"
"1577","81","binary-choice","771","1421497","0.0-3.0-768.0","sr3300","","[""img/8_food.jpg"",""img/8_food.jpg"",""img/14_food.jpg""]","false","8","14","true","769"
"1012","80","binary-choice","772","1423155","0.0-3.0-769.0","sr3300","","[""img/14_food.jpg"",""img/14_food.jpg"",""img/19_food.jpg""]","true","19","14","true","770"
"638","80","binary-choice","773","1424576","0.0-3.0-770.0","sr3300","","[""img/22_food.jpg"",""img/22_food.jpg"",""img/30_food.jpg""]","false","22","30","true","771"
"1393","81","binary-choice","774","1426449","0.0-3.0-771.0","sr3300","","[""img/12_food.jpg"",""img/12_food.jpg"",""img/25_food.jpg""]","false","12","25","true","772"
"1797","80","binary-choice","775","1428856","0.0-3.0-772.0","sr3300","","[""img/7_food.jpg"",""img/7_food.jpg"",""img/24_food.jpg""]","true","24","7","true","773"
"736","81","binary-choice","776","1430344","0.0-3.0-773.0","sr3300","","[""img/16_food.jpg"",""img/16_food.jpg"",""img/18_food.jpg""]","true","18","16","true","774"
"788","80","binary-choice","777","1431912","0.0-3.0-774.0","sr3300","","[""img/6_food.jpg"",""img/6_food.jpg"",""img/14_food.jpg""]","false","6","14","true","775"
"854","80","binary-choice","778","1433539","0.0-3.0-775.0","sr3300","","[""img/13_food.jpg"",""img/13_food.jpg"",""img/21_food.jpg""]","true","21","13","true","776"
"1160","81","binary-choice","779","1435012","0.0-3.0-776.0","sr3300","","[""img/22_food.jpg"",""img/22_food.jpg"",""img/26_food.jpg""]","true","26","22","true","777"
"714","81","binary-choice","780","1436600","0.0-3.0-777.0","sr3300","","[""img/12_food.jpg"",""img/12_food.jpg"",""img/27_food.jpg""]","true","27","12","true","778"
"700","80","binary-choice","781","1437816","0.0-3.0-778.0","sr3300","","[""img/20_food.jpg"",""img/20_food.jpg"",""img/27_food.jpg""]","false","20","27","true","779"
"771","80","binary-choice","782","1439457","0.0-3.0-779.0","sr3300","","[""img/9_food.jpg"",""img/9_food.jpg"",""img/28_food.jpg""]","false","9","28","true","780"
"1018","81","binary-choice","783","1440953","0.0-3.0-780.0","sr3300","","[""img/4_food.jpg"",""img/4_food.jpg"",""img/10_food.jpg""]","true","10","4","true","781"
"649","80","binary-choice","784","1442008","0.0-3.0-781.0","sr3300","","[""img/20_food.jpg"",""img/20_food.jpg"",""img/22_food.jpg""]","true","22","20","true","782"
"616","80","binary-choice","785","1443624","0.0-3.0-782.0","sr3300","","[""img/12_food.jpg"",""img/12_food.jpg"",""img/30_food.jpg""]","false","12","30","true","783"
"1169","80","binary-choice","786","1445348","0.0-3.0-783.0","sr3300","","[""img/5_food.jpg"",""img/5_food.jpg"",""img/23_food.jpg""]","true","23","5","true","784"
"1438","81","binary-choice","787","1447593","0.0-3.0-784.0","sr3300","","[""img/15_food.jpg"",""img/15_food.jpg"",""img/29_food.jpg""]","false","15","29","true","785"
"882","80","binary-choice","788","1449367","0.0-3.0-785.0","sr3300","","[""img/7_food.jpg"",""img/7_food.jpg"",""img/13_food.jpg""]","false","7","13","true","786"
"682","80","binary-choice","789","1450336","0.0-3.0-786.0","sr3300","","[""img/8_food.jpg"",""img/8_food.jpg"",""img/10_food.jpg""]","false","8","10","true","787"
"989","81","binary-choice","790","1451993","0.0-3.0-787.0","sr3300","","[""img/1_food.jpg"",""img/1_food.jpg"",""img/26_food.jpg""]","false","1","26","true","788"
"755","81","binary-choice","791","1453527","0.0-3.0-788.0","sr3300","","[""img/7_food.jpg"",""img/7_food.jpg"",""img/26_food.jpg""]","true","26","7","true","789"
"976","80","binary-choice","792","1454863","0.0-3.0-789.0","sr3300","","[""img/23_food.jpg"",""img/23_food.jpg"",""img/29_food.jpg""]","true","29","23","true","790"
"2961","81","binary-choice","793","1458531","0.0-3.0-790.0","sr3300","","[""img/19_food.jpg"",""img/19_food.jpg"",""img/24_food.jpg""]","false","19","24","true","791"
"869","81","binary-choice","794","1459842","0.0-3.0-791.0","sr3300","","[""img/8_food.jpg"",""img/8_food.jpg"",""img/16_food.jpg""]","false","8","16","true","792"
"695","80","binary-choice","795","1461215","0.0-3.0-792.0","sr3300","","[""img/2_food.jpg"",""img/2_food.jpg"",""img/3_food.jpg""]","true","3","2","true","793"
"1510","81","binary-choice","796","1463609","0.0-3.0-793.0","sr3300","","[""img/18_food.jpg"",""img/18_food.jpg"",""img/24_food.jpg""]","false","18","24","true","794"
"1444","80","binary-choice","797","1465919","0.0-3.0-794.0","sr3300","","[""img/13_food.jpg"",""img/13_food.jpg"",""img/27_food.jpg""]","false","13","27","true","795"
"742","81","binary-choice","798","1467215","0.0-3.0-795.0","sr3300","","[""img/9_food.jpg"",""img/9_food.jpg"",""img/14_food.jpg""]","false","9","14","true","796"
"752","81","binary-choice","799","1468599","0.0-3.0-796.0","sr3300","","[""img/9_food.jpg"",""img/9_food.jpg"",""img/25_food.jpg""]","false","9","25","true","797"
"628","80","binary-choice","800","1469559","0.0-3.0-797.0","sr3300","","[""img/25_food.jpg"",""img/25_food.jpg"",""img/27_food.jpg""]","false","25","27","true","798"
"677","80","binary-choice","801","1471103","0.0-3.0-798.0","sr3300","","[""img/1_food.jpg"",""img/1_food.jpg"",""img/30_food.jpg""]","true","30","1","true","799"
"664","80","binary-choice","802","1472111","0.0-3.0-799.0","sr3300","","[""img/11_food.jpg"",""img/11_food.jpg"",""img/19_food.jpg""]","true","19","11","true","800"
"798","80","binary-choice","803","1473447","0.0-3.0-800.0","sr3300","","[""img/5_food.jpg"",""img/5_food.jpg"",""img/23_food.jpg""]","true","23","5","true","801"
"1075","81","binary-choice","804","1475366","0.0-3.0-801.0","sr3300","","[""img/9_food.jpg"",""img/9_food.jpg"",""img/20_food.jpg""]","false","9","20","true","802"
"572","80","binary-choice","805","1476561","0.0-3.0-802.0","sr3300","","[""img/10_food.jpg"",""img/10_food.jpg"",""img/14_food.jpg""]","true","14","10","true","803"
"711","80","binary-choice","806","1477879","0.0-3.0-803.0","sr3300","","[""img/4_food.jpg"",""img/4_food.jpg"",""img/19_food.jpg""]","true","19","4","true","804"
"705","80","binary-choice","807","1479410","0.0-3.0-804.0","sr3300","","[""img/11_food.jpg"",""img/11_food.jpg"",""img/25_food.jpg""]","true","25","11","true","805"
"1191","81","binary-choice","808","1480928","0.0-3.0-805.0","sr3300","","[""img/8_food.jpg"",""img/8_food.jpg"",""img/23_food.jpg""]","false","8","23","true","806"
"1159","81","binary-choice","809","1482567","0.0-3.0-806.0","sr3300","","[""img/21_food.jpg"",""img/21_food.jpg"",""img/22_food.jpg""]","true","22","21","true","807"
"525","80","binary-choice","810","1483991","0.0-3.0-807.0","sr3300","","[""img/7_food.jpg"",""img/7_food.jpg"",""img/10_food.jpg""]","false","7","10","true","808"
"872","81","binary-choice","811","1485358","0.0-3.0-808.0","sr3300","","[""img/2_food.jpg"",""img/2_food.jpg"",""img/9_food.jpg""]","true","9","2","true","809"
"584","80","binary-choice","812","1486438","0.0-3.0-809.0","sr3300","","[""img/1_food.jpg"",""img/1_food.jpg"",""img/24_food.jpg""]","true","24","1","true","810"
"583","80","binary-choice","813","1487382","0.0-3.0-810.0","sr3300","","[""img/10_food.jpg"",""img/10_food.jpg"",""img/21_food.jpg""]","true","21","10","true","811"
"535","80","binary-choice","814","1488438","0.0-3.0-811.0","sr3300","","[""img/15_food.jpg"",""img/15_food.jpg"",""img/26_food.jpg""]","false","15","26","true","812"
"549","80","binary-choice","815","1489418","0.0-3.0-812.0","sr3300","","[""img/3_food.jpg"",""img/3_food.jpg"",""img/17_food.jpg""]","false","3","17","true","813"
"671","81","binary-choice","816","1490550","0.0-3.0-813.0","sr3300","","[""img/22_food.jpg"",""img/22_food.jpg"",""img/28_food.jpg""]","true","28","22","true","814"
"656","80","binary-choice","817","1491814","0.0-3.0-814.0","sr3300","","[""img/5_food.jpg"",""img/5_food.jpg"",""img/19_food.jpg""]","true","19","5","true","815"
"853","81","binary-choice","818","1493311","0.0-3.0-815.0","sr3300","","[""img/3_food.jpg"",""img/3_food.jpg"",""img/27_food.jpg""]","true","27","3","true","816"
"654","80","binary-choice","819","1494631","0.0-3.0-816.0","sr3300","","[""img/26_food.jpg"",""img/26_food.jpg"",""img/30_food.jpg""]","false","26","30","true","817"
"660","80","binary-choice","820","1495638","0.0-3.0-817.0","sr3300","","[""img/27_food.jpg"",""img/27_food.jpg"",""img/28_food.jpg""]","true","28","27","true","818"
"1297","80","binary-choice","821","1497631","0.0-3.0-818.0","sr3300","","[""img/16_food.jpg"",""img/16_food.jpg"",""img/28_food.jpg""]","false","16","28","true","819"
"723","80","binary-choice","822","1499221","0.0-3.0-819.0","sr3300","","[""img/18_food.jpg"",""img/18_food.jpg"",""img/20_food.jpg""]","true","20","18","true","820"
"961","80","binary-choice","823","1501001","0.0-3.0-820.0","sr3300","","[""img/21_food.jpg"",""img/21_food.jpg"",""img/27_food.jpg""]","false","21","27","true","821"
"1784","81","binary-choice","824","1503614","0.0-3.0-821.0","sr3300","","[""img/14_food.jpg"",""img/14_food.jpg"",""img/17_food.jpg""]","true","17","14","true","822"
"1276","81","binary-choice","825","1505583","0.0-3.0-822.0","sr3300","","[""img/15_food.jpg"",""img/15_food.jpg"",""img/23_food.jpg""]","true","23","15","true","823"
"1464","80","binary-choice","826","1507605","0.0-3.0-823.0","sr3300","","[""img/15_food.jpg"",""img/15_food.jpg"",""img/23_food.jpg""]","false","15","23","true","824"
"1138","80","binary-choice","827","1509166","0.0-3.0-824.0","sr3300","","[""img/5_food.jpg"",""img/5_food.jpg"",""img/6_food.jpg""]","true","6","5","true","825"
"722","80","binary-choice","828","1510757","0.0-3.0-825.0","sr3300","","[""img/18_food.jpg"",""img/18_food.jpg"",""img/21_food.jpg""]","true","21","18","true","826"
"996","81","binary-choice","829","1512441","0.0-3.0-826.0","sr3300","","[""img/3_food.jpg"",""img/3_food.jpg"",""img/5_food.jpg""]","true","5","3","true","827"
"578","81","binary-choice","830","1513853","0.0-3.0-827.0","sr3300","","[""img/14_food.jpg"",""img/14_food.jpg"",""img/18_food.jpg""]","true","18","14","true","828"
"875","80","binary-choice","831","1515326","0.0-3.0-828.0","sr3300","","[""img/14_food.jpg"",""img/14_food.jpg"",""img/15_food.jpg""]","true","15","14","true","829"
"793","81","binary-choice","832","1516669","0.0-3.0-829.0","sr3300","","[""img/24_food.jpg"",""img/24_food.jpg"",""img/29_food.jpg""]","true","29","24","true","830"
"785","81","binary-choice","833","1517958","0.0-3.0-830.0","sr3300","","[""img/7_food.jpg"",""img/7_food.jpg"",""img/26_food.jpg""]","true","26","7","true","831"
"1056","80","binary-choice","834","1519789","0.0-3.0-831.0","sr3300","","[""img/19_food.jpg"",""img/19_food.jpg"",""img/25_food.jpg""]","true","25","19","true","832"
"1000","81","binary-choice","835","1521509","0.0-3.0-832.0","sr3300","","[""img/27_food.jpg"",""img/27_food.jpg"",""img/30_food.jpg""]","false","27","30","true","833"
"930","80","binary-choice","836","1523193","0.0-3.0-833.0","sr3300","","[""img/1_food.jpg"",""img/1_food.jpg"",""img/6_food.jpg""]","true","6","1","true","834"
"627","80","binary-choice","837","1524645","0.0-3.0-834.0","sr3300","","[""img/7_food.jpg"",""img/7_food.jpg"",""img/17_food.jpg""]","false","7","17","true","835"
"580","80","binary-choice","838","1526152","0.0-3.0-835.0","sr3300","","[""img/14_food.jpg"",""img/14_food.jpg"",""img/27_food.jpg""]","false","14","27","true","836"
"1185","80","binary-choice","839","1528277","0.0-3.0-836.0","sr3300","","[""img/4_food.jpg"",""img/4_food.jpg"",""img/28_food.jpg""]","false","4","28","true","837"
"968","80","binary-choice","840","1529613","0.0-3.0-837.0","sr3300","","[""img/1_food.jpg"",""img/1_food.jpg"",""img/2_food.jpg""]","true","2","1","true","838"
"1019","81","binary-choice","841","1531405","0.0-3.0-838.0","sr3300","","[""img/20_food.jpg"",""img/20_food.jpg"",""img/30_food.jpg""]","true","30","20","true","839"
"747","81","binary-choice","842","1532669","0.0-3.0-839.0","sr3300","","[""img/15_food.jpg"",""img/15_food.jpg"",""img/30_food.jpg""]","true","30","15","true","840"
"588","80","binary-choice","843","1533625","0.0-3.0-840.0","sr3300","","[""img/10_food.jpg"",""img/10_food.jpg"",""img/22_food.jpg""]","true","22","10","true","841"
"724","81","binary-choice","844","1535135","0.0-3.0-841.0","sr3300","","[""img/5_food.jpg"",""img/5_food.jpg"",""img/10_food.jpg""]","true","10","5","true","842"
"725","81","binary-choice","845","1536342","0.0-3.0-842.0","sr3300","","[""img/1_food.jpg"",""img/1_food.jpg"",""img/3_food.jpg""]","false","1","3","true","843"
"926","80","binary-choice","846","1537725","0.0-3.0-843.0","sr3300","","[""img/25_food.jpg"",""img/25_food.jpg"",""img/28_food.jpg""]","false","25","28","true","844"
"858","81","binary-choice","847","1538844","0.0-3.0-844.0","sr3300","","[""img/16_food.jpg"",""img/16_food.jpg"",""img/30_food.jpg""]","true","30","16","true","845"
"580","80","binary-choice","848","1540412","0.0-3.0-845.0","sr3300","","[""img/12_food.jpg"",""img/12_food.jpg"",""img/20_food.jpg""]","false","12","20","true","846"
"863","81","binary-choice","849","1542020","0.0-3.0-846.0","sr3300","","[""img/10_food.jpg"",""img/10_food.jpg"",""img/12_food.jpg""]","false","10","12","true","847"
"730","80","binary-choice","850","1543204","0.0-3.0-847.0","sr3300","","[""img/5_food.jpg"",""img/5_food.jpg"",""img/11_food.jpg""]","false","5","11","true","848"
"706","80","binary-choice","851","1544658","0.0-3.0-848.0","sr3300","","[""img/13_food.jpg"",""img/13_food.jpg"",""img/20_food.jpg""]","true","20","13","true","849"
"706","80","binary-choice","852","1545876","0.0-3.0-849.0","sr3300","","[""img/6_food.jpg"",""img/6_food.jpg"",""img/26_food.jpg""]","false","6","26","true","850"
"840","81","binary-choice","853","1546981","0.0-3.0-850.0","sr3300","","[""img/17_food.jpg"",""img/17_food.jpg"",""img/21_food.jpg""]","false","17","21","true","851"
"731","81","binary-choice","854","1548005","0.0-3.0-851.0","sr3300","","[""img/1_food.jpg"",""img/1_food.jpg"",""img/8_food.jpg""]","false","1","8","true","852"
"604","81","binary-choice","855","1549156","0.0-3.0-852.0","sr3300","","[""img/1_food.jpg"",""img/1_food.jpg"",""img/12_food.jpg""]","false","1","12","true","853"
"1140","81","binary-choice","856","1551021","0.0-3.0-853.0","sr3300","","[""img/6_food.jpg"",""img/6_food.jpg"",""img/23_food.jpg""]","true","23","6","true","854"
"716","81","binary-choice","857","1552605","0.0-3.0-854.0","sr3300","","[""img/2_food.jpg"",""img/2_food.jpg"",""img/26_food.jpg""]","true","26","2","true","855"
"736","81","binary-choice","858","1554238","0.0-3.0-855.0","sr3300","","[""img/4_food.jpg"",""img/4_food.jpg"",""img/16_food.jpg""]","false","4","16","true","856"
"1115","80","binary-choice","859","1555744","0.0-3.0-856.0","sr3300","","[""img/4_food.jpg"",""img/4_food.jpg"",""img/21_food.jpg""]","true","21","4","true","857"
"804","81","binary-choice","860","1557284","0.0-3.0-857.0","sr3300","","[""img/12_food.jpg"",""img/12_food.jpg"",""img/21_food.jpg""]","false","12","21","true","858"
"876","80","binary-choice","861","1558516","0.0-3.0-858.0","sr3300","","[""img/5_food.jpg"",""img/5_food.jpg"",""img/20_food.jpg""]","false","5","20","true","859"
"511","80","binary-choice","862","1559284","0.0-3.0-859.0","sr3300","","[""img/11_food.jpg"",""img/11_food.jpg"",""img/20_food.jpg""]","true","20","11","true","860"
"475","80","binary-choice","863","1560260","0.0-3.0-860.0","sr3300","","[""img/9_food.jpg"",""img/9_food.jpg"",""img/11_food.jpg""]","false","9","11","true","861"
"645","81","binary-choice","864","1561269","0.0-3.0-861.0","sr3300","","[""img/18_food.jpg"",""img/18_food.jpg"",""img/19_food.jpg""]","false","18","19","true","862"
"502","80","binary-choice","865","1562588","0.0-3.0-862.0","sr3300","","[""img/11_food.jpg"",""img/11_food.jpg"",""img/29_food.jpg""]","true","29","11","true","863"
"451","80","binary-choice","866","1563499","0.0-3.0-863.0","sr3300","","[""img/11_food.jpg"",""img/11_food.jpg"",""img/17_food.jpg""]","true","17","11","true","864"
"748","80","binary-choice","867","1564780","0.0-3.0-864.0","sr3300","","[""img/6_food.jpg"",""img/6_food.jpg"",""img/16_food.jpg""]","true","16","6","true","865"
"691","81","binary-choice","868","1566360","0.0-3.0-865.0","sr3300","","[""img/1_food.jpg"",""img/1_food.jpg"",""img/20_food.jpg""]","false","1","20","true","866"
"447","80","binary-choice","869","1567428","0.0-3.0-866.0","sr3300","","[""img/1_food.jpg"",""img/1_food.jpg"",""img/27_food.jpg""]","true","27","1","true","867"
"479","80","binary-choice","870","1568739","0.0-3.0-867.0","sr3300","","[""img/10_food.jpg"",""img/10_food.jpg"",""img/21_food.jpg""]","true","21","10","true","868"
"660","81","binary-choice","871","1570331","0.0-3.0-868.0","sr3300","","[""img/9_food.jpg"",""img/9_food.jpg"",""img/22_food.jpg""]","false","9","22","true","869"
"1697","80","binary-choice","872","1572403","0.0-3.0-869.0","sr3300","","[""img/2_food.jpg"",""img/2_food.jpg"",""img/8_food.jpg""]","false","2","8","true","870"
"18679","75","text","873","1591379","0.0-4.0","sr3300","","","","","","",""
